customer_id,arm,propensity_score,predicted_label
KH022435,A,0.9165,1
KH020376,A,0.9594,1
KH021465,A,0.9143,1
KH021939,A,0.9674,1
KH022970,A,0.9839,1
KH020242,A,0.3058,1
KH021160,A,0.9947,1
KH021250,A,0.9508,1
KH023080,A,0.4809,1
KH021895,A,0.9574,1
KH021900,A,0.5228,1
KH024388,A,0.9915,1
KH020314,A,0.3764,1
KH023592,A,0.9082,1
KH020211,A,0.3557,1
KH021020,A,0.8329,1
KH024079,A,0.5761,1
KH022860,A,0.428,1
KH020035,A,0.9904,1
KH024691,A,0.4806,1
KH022762,A,0.9782,1
KH021159,A,0.5133,1
KH024539,A,0.636,1
KH024371,A,0.6696,1
KH022972,A,0.8123,1
KH024067,A,0.9902,1
KH023078,A,0.9633,1
KH021333,A,0.7929,1
KH021316,A,0.9914,1
KH020397,A,0.7289,1
KH023847,A,0.7381,1
KH022380,A,0.9647,1
KH021843,A,0.3244,1
KH023817,A,0.8273,1
KH024117,A,0.9908,1
KH020341,A,0.9779,1
KH020656,A,0.5644,1
KH021219,A,0.8764,1
KH022626,A,0.7836,1
KH022981,A,0.9935,1
KH021225,A,0.6107,1
KH024123,A,0.984,1
KH024594,A,0.9923,1
KH024570,A,0.9498,1
KH020576,A,0.2434,1
KH023228,A,0.4681,1
KH024381,A,0.9908,1
KH022764,A,0.6107,1
KH024651,A,0.6486,1
KH022606,A,0.6643,1
KH020263,A,0.9869,1
KH022420,A,0.9919,1
KH024579,A,0.8098,1
KH024918,A,0.568,1
KH020441,A,0.3982,1
KH020858,A,0.8389,1
KH022138,A,0.9008,1
KH022977,A,0.9759,1
KH023560,A,0.9703,1
KH024904,A,0.9127,1
KH024849,A,0.8287,1
KH022796,A,0.7655,1
KH024419,A,0.9808,1
KH023915,A,0.8757,1
KH024015,A,0.3727,1
KH020833,A,0.9783,1
KH021820,A,0.9387,1
KH020518,A,0.9467,1
KH024868,A,0.4893,1
KH023095,A,0.9492,1
KH024919,A,0.5013,1
KH022849,A,0.459,1
KH020696,A,0.5733,1
KH020166,A,0.4735,1
KH024630,A,0.4767,1
KH024018,A,0.5445,1
KH021726,A,0.9803,1
KH024617,A,0.989,1
KH024800,A,0.4079,1
KH024230,A,0.5132,1
KH023711,A,0.4304,1
KH020497,A,0.9927,1
KH024509,A,0.6694,1
KH022092,A,0.4239,1
KH024154,A,0.3113,1
KH020371,A,0.7011,1
KH024893,A,0.7275,1
KH020442,A,0.6169,1
KH024696,A,0.9657,1
KH023494,A,0.6982,1
KH020537,A,0.9208,1
KH022041,A,0.4781,1
KH023395,A,0.8773,1
KH023160,A,0.3564,1
KH021175,A,0.5564,1
KH021496,A,0.9711,1
KH023757,A,0.9901,1
KH020570,A,0.9885,1
KH024290,A,0.9666,1
KH022248,A,0.8123,1
KH024544,A,0.924,1
KH020457,A,0.7998,1
KH024421,A,0.569,1
KH020024,A,0.9859,1
KH024398,A,0.992,1
KH021140,A,0.3891,1
KH023708,A,0.977,1
KH020932,A,0.6083,1
KH024339,A,0.7011,1
KH020887,A,0.8554,1
KH020562,A,0.9023,1
KH023898,A,0.5537,1
KH023083,A,0.9746,1
KH023488,A,0.9932,1
KH024430,A,0.5221,1
KH020850,A,0.4872,1
KH023507,A,0.5603,1
KH022037,A,0.8131,1
KH023021,A,0.9888,1
KH023503,A,0.9117,1
KH020854,A,0.7266,1
KH022095,A,0.3527,1
KH024892,A,0.9662,1
KH020928,A,0.3587,1
KH023007,A,0.9818,1
KH022891,A,0.9777,1
KH023653,A,0.9836,1
KH020721,A,0.5209,1
KH022397,A,0.6571,1
KH023347,A,0.4826,1
KH021222,A,0.8646,1
KH022532,A,0.962,1
KH020893,A,0.7629,1
KH020027,A,0.9021,1
KH020191,A,0.718,1
KH022254,A,0.5673,1
KH024774,A,0.9698,1
KH024196,A,0.926,1
KH020810,A,0.2771,1
KH022187,A,0.5805,1
KH023642,A,0.3284,1
KH023597,A,0.3576,1
KH020999,A,0.6018,1
KH021152,A,0.3714,1
KH022024,A,0.9527,1
KH023695,A,0.3136,1
KH021482,A,0.7741,1
KH021111,A,0.7807,1
KH020947,A,0.9822,1
KH020593,A,0.961,1
KH023732,A,0.9904,1
KH021066,A,0.9898,1
KH021344,A,0.9753,1
KH020985,A,0.9036,1
KH020510,A,0.8388,1
KH021233,A,0.9838,1
KH022830,A,0.3201,1
KH020565,A,0.9425,1
KH021751,A,0.9764,1
KH024754,A,0.4796,1
KH022651,A,0.5714,1
KH020075,A,0.9753,1
KH024127,A,0.9818,1
KH021968,A,0.6922,1
KH021384,A,0.8478,1
KH023215,A,0.8704,1
KH020305,A,0.9194,1
KH022781,A,0.5984,1
KH024490,A,0.9023,1
KH024372,A,0.7772,1
KH023400,A,0.8765,1
KH024964,A,0.6117,1
KH021583,A,0.2623,1
KH022541,A,0.993,1
KH023415,A,0.9753,1
KH022499,A,0.5552,1
KH021708,A,0.5863,1
KH022758,A,0.9901,1
KH020609,A,0.9849,1
KH022832,A,0.7844,1
KH021860,A,0.7843,1
KH020776,A,0.4476,1
KH020716,A,0.5932,1
KH023067,A,0.9238,1
KH023462,A,0.9803,1
KH022622,A,0.9711,1
KH021117,A,0.9893,1
KH020694,A,0.9941,1
KH023892,A,0.9042,1
KH020189,A,0.5697,1
KH022766,A,0.8265,1
KH021590,A,0.7679,1
KH020086,A,0.819,1
KH020315,A,0.7161,1
KH021083,A,0.5046,1
KH022390,A,0.9668,1
KH022456,A,0.7129,1
KH022591,A,0.8991,1
KH020529,A,0.9905,1
KH021090,A,0.9907,1
KH023770,A,0.5358,1
KH020245,A,0.7179,1
KH024738,A,0.9718,1
KH021697,A,0.5173,1
KH024926,A,0.9826,1
KH021921,A,0.8588,1
KH023123,A,0.5745,1
KH020012,A,0.4409,1
KH023990,A,0.9925,1
KH024935,A,0.9759,1
KH022590,A,0.9913,1
KH022779,A,0.9904,1
KH023329,A,0.8995,1
KH023743,A,0.8505,1
KH021515,A,0.3158,1
KH023102,A,0.9573,1
KH021435,A,0.5466,1
KH023591,A,0.3636,1
KH023341,A,0.96,1
KH021956,A,0.9244,1
KH021631,A,0.9593,1
KH020152,A,0.5088,1
KH024866,A,0.7721,1
KH023162,A,0.9622,1
KH020845,A,0.5187,1
KH021004,A,0.4477,1
KH022425,A,0.9285,1
KH020008,A,0.577,1
KH023188,A,0.987,1
KH022408,A,0.8356,1
KH021595,A,0.9852,1
KH023495,A,0.4269,1
KH021985,A,0.812,1
KH024267,A,0.9927,1
KH021965,A,0.9737,1
KH024213,A,0.9579,1
KH022797,A,0.9874,1
KH021113,A,0.6203,1
KH023976,A,0.9922,1
KH020894,A,0.399,1
KH020679,A,0.5298,1
KH020504,A,0.9854,1
KH022513,A,0.7445,1
KH024478,A,0.9481,1
KH020107,A,0.9199,1
KH023556,A,0.6856,1
KH023143,A,0.6069,1
KH021673,A,0.9177,1
KH021805,A,0.9901,1
KH023741,A,0.8832,1
KH020309,A,0.9848,1
KH020334,A,0.6235,1
KH021074,A,0.913,1
KH021785,A,0.9923,1
KH023428,A,0.5913,1
KH020717,A,0.5264,1
KH024876,A,0.992,1
KH022514,A,0.8455,1
KH022434,A,0.6601,1
KH024589,A,0.9889,1
KH021161,A,0.9517,1
KH020800,A,0.5441,1
KH021505,A,0.9425,1
KH020413,A,0.438,1
KH022950,A,0.8892,1
KH022676,A,0.9844,1
KH023107,A,0.5593,1
KH023166,A,0.6054,1
KH024448,A,0.253,1
KH023012,A,0.6299,1
KH024189,A,0.3076,1
KH021621,A,0.4548,1
KH023512,A,0.9399,1
KH020930,A,0.9889,1
KH020523,A,0.9834,1
KH021555,A,0.9774,1
KH023142,A,0.8635,1
KH024151,A,0.3805,1
KH020661,A,0.9954,1
KH024515,A,0.9544,1
KH022372,A,0.7922,1
KH022347,A,0.7945,1
KH024819,A,0.9257,1
KH023563,A,0.9613,1
KH020734,A,0.95,1
KH024776,A,0.9687,1
KH020811,A,0.6649,1
KH024856,A,0.4127,1
KH020143,A,0.9625,1
KH024416,A,0.8068,1
KH022771,A,0.6913,1
KH022006,A,0.4251,1
KH022724,A,0.9509,1
KH024869,A,0.9562,1
KH024249,A,0.6412,1
KH020030,A,0.3201,1
KH021880,A,0.9943,1
KH022638,A,0.5273,1
KH021112,A,0.9935,1
KH021335,A,0.906,1
KH022637,A,0.9078,1
KH022578,A,0.2572,1
KH021129,A,0.9846,1
KH023312,A,0.8018,1
KH023528,A,0.989,1
KH024975,A,0.8382,1
KH024655,A,0.9882,1
KH024640,A,0.6722,1
KH023366,A,0.9846,1
KH024995,A,0.5153,1
KH021566,A,0.5918,1
KH024531,A,0.9914,1
KH022509,A,0.9908,1
KH023156,A,0.8971,1
KH022736,A,0.8639,1
KH021554,A,0.9822,1
KH020267,A,0.3968,1
KH023076,A,0.9221,1
KH020775,A,0.9642,1
KH024908,A,0.4101,1
KH024458,A,0.9905,1
KH020066,A,0.4738,1
KH020255,A,0.9866,1
KH023445,A,0.2532,1
KH021294,A,0.8673,1
KH022389,A,0.4685,1
KH023489,A,0.5455,1
KH020440,A,0.4598,1
KH023571,A,0.9759,1
KH021481,A,0.7229,1
KH021927,A,0.3922,1
KH023567,A,0.4231,1
KH021997,A,0.9644,1
KH020076,A,0.9638,1
KH020668,A,0.5591,1
KH023114,A,0.5102,1
KH024921,A,0.8426,1
KH023596,A,0.9886,1
KH023561,A,0.9413,1
KH022406,A,0.3919,1
KH021695,A,0.8693,1
KH020052,A,0.3672,1
KH020724,A,0.9847,1
KH020419,A,0.4526,1
KH024936,A,0.7782,1
KH021560,A,0.5217,1
KH020822,A,0.4536,1
KH021426,A,0.3132,1
KH023585,A,0.9763,1
KH023151,A,0.9928,1
KH023912,A,0.8542,1
KH024997,A,0.9552,1
KH023260,A,0.2757,1
KH023249,A,0.5395,1
KH024012,A,0.794,1
KH020159,A,0.9902,1
KH023535,A,0.6845,1
KH022423,A,0.2526,1
KH022811,A,0.9867,1
KH023219,A,0.7125,1
KH020566,A,0.4779,1
KH021285,A,0.4958,1
KH021236,A,0.885,1
KH023247,A,0.8881,1
KH023441,A,0.4619,1
KH023327,A,0.9824,1
KH022664,A,0.9886,1
KH021351,A,0.8496,1
KH023243,A,0.8387,1
KH024571,A,0.6245,1
KH022245,A,0.4885,1
KH024415,A,0.9847,1
KH023416,A,0.863,1
KH021822,A,0.5995,1
KH024291,A,0.9852,1
KH024168,A,0.2945,1
KH022649,A,0.7231,1
KH023879,A,0.3636,1
KH020100,A,0.7066,1
KH021627,A,0.9131,1
KH024626,A,0.9858,1
KH020630,A,0.9799,1
KH022540,A,0.9808,1
KH024748,A,0.9852,1
KH022595,A,0.9215,1
KH024924,A,0.3513,1
KH020849,A,0.9869,1
KH020395,A,0.9934,1
KH022930,A,0.9894,1
KH021305,A,0.7595,1
KH023955,A,0.3173,1
KH022535,A,0.9746,1
KH021444,A,0.9745,1
KH020253,A,0.5646,1
KH023689,A,0.987,1
KH020503,A,0.5605,1
KH021519,A,0.9907,1
KH023869,A,0.9867,1
KH020773,A,0.97,1
KH022453,A,0.5909,1
KH022966,A,0.8538,1
KH024795,A,0.9927,1
KH021052,A,0.9107,1
KH021234,A,0.662,1
KH024002,A,0.9943,1
KH024095,A,0.4821,1
KH024209,A,0.7648,1
KH023337,A,0.8101,1
KH021263,A,0.9938,1
KH022817,A,0.9931,1
KH020587,A,0.5534,1
KH020707,A,0.7786,1
KH022878,A,0.449,1
KH020619,A,0.4536,1
KH023127,A,0.8872,1
KH023339,A,0.5117,1
KH021260,A,0.3636,1
KH020116,A,0.9813,1
KH022688,A,0.6576,1
KH023735,A,0.9763,1
KH020790,A,0.8627,1
KH023393,A,0.9201,1
KH022402,A,0.8036,1
KH021097,A,0.4355,1
KH021871,A,0.4653,1
KH022761,A,0.5987,1
KH022224,A,0.7088,1
KH023303,A,0.3504,1
KH020056,A,0.9935,1
KH020795,A,0.9836,1
KH021252,A,0.42,1
KH020500,A,0.5038,1
KH021103,A,0.3751,1
KH022828,A,0.6039,1
KH021727,A,0.571,1
KH020248,A,0.9709,1
KH023044,A,0.5218,1
KH024593,A,0.5742,1
KH020709,A,0.4261,1
KH023263,A,0.9124,1
KH022369,A,0.9741,1
KH023381,A,0.9923,1
KH020308,A,0.9727,1
KH024164,A,0.8494,1
KH022413,A,0.9906,1
KH021868,A,0.4887,1
KH023706,A,0.7812,1
KH021879,A,0.5606,1
KH022794,A,0.4275,1
KH022358,A,0.7862,1
KH023899,A,0.4509,1
KH020140,A,0.973,1
KH020616,A,0.9807,1
KH022494,A,0.9946,1
KH020859,A,0.9817,1
KH024614,A,0.4062,1
KH024409,A,0.9752,1
KH020127,A,0.5062,1
KH022467,A,0.6056,1
KH021318,A,0.9907,1
KH023943,A,0.9738,1
KH023907,A,0.9693,1
KH022839,A,0.851,1
KH024885,A,0.7579,1
KH022895,A,0.9744,1
KH023753,A,0.9791,1
KH022986,A,0.8924,1
KH020852,A,0.7495,1
KH024096,A,0.8622,1
KH020142,A,0.9905,1
KH022164,A,0.9066,1
KH022841,A,0.9765,1
KH024420,A,0.7436,1
KH022200,A,0.3619,1
KH024001,A,0.9763,1
KH023005,A,0.8602,1
KH022836,A,0.9885,1
KH020157,A,0.7679,1
KH023880,A,0.301,1
KH024764,A,0.5979,1
KH020017,A,0.4753,1
KH022565,A,0.9702,1
KH023551,A,0.5312,1
KH020533,A,0.9814,1
KH022512,A,0.4542,1
KH020266,A,0.835,1
KH023105,A,0.617,1
KH022329,A,0.9913,1
KH023979,A,0.9377,1
KH022298,A,0.9936,1
KH022549,A,0.3175,1
KH020129,A,0.9837,1
KH022658,A,0.9406,1
KH020969,A,0.9541,1
KH023759,A,0.4877,1
KH021205,A,0.839,1
KH020876,A,0.3663,1
KH023957,A,0.4251,1
KH024322,A,0.5325,1
KH022403,A,0.2747,1
KH023094,A,0.8521,1
KH023358,A,0.7214,1
KH023776,A,0.987,1
KH024072,A,0.9538,1
KH024659,A,0.9812,1
KH020473,A,0.393,1
KH021131,A,0.9199,1
KH021641,A,0.5524,1
KH021486,A,0.9895,1
KH020113,A,0.9139,1
KH020746,A,0.8321,1
KH023054,A,0.5933,1
KH024537,A,0.9681,1
KH023190,A,0.9886,1
KH022583,A,0.4222,1
KH022318,A,0.3628,1
KH023197,A,0.4494,1
KH020337,A,0.6681,1
KH020623,A,0.5541,1
KH020599,A,0.544,1
KH020291,A,0.7668,1
KH023460,A,0.4773,1
KH024063,A,0.9664,1
KH022805,A,0.967,1
KH022225,A,0.9927,1
KH022362,A,0.9876,1
KH024411,A,0.9859,1
KH022997,A,0.8943,1
KH023607,A,0.4829,1
KH024828,A,0.5655,1
KH021598,A,0.425,1
KH020316,A,0.7392,1
KH023463,A,0.9183,1
KH022777,A,0.995,1
KH023744,A,0.8235,1
KH021991,A,0.9813,1
KH023993,A,0.9883,1
KH022371,A,0.4012,1
KH022252,A,0.8866,1
KH020762,A,0.9025,1
KH021283,A,0.7239,1
KH021321,A,0.4289,1
KH021693,A,0.6503,1
KH021025,A,0.9834,1
KH022773,A,0.5291,1
KH020400,A,0.5328,1
KH022174,A,0.4898,1
KH022968,A,0.3655,1
KH020960,A,0.4464,1
KH022624,A,0.9547,1
KH020907,A,0.5314,1
KH023961,A,0.9944,1
KH023863,A,0.4516,1
KH021662,A,0.9682,1
KH022026,A,0.9713,1
KH024731,A,0.4783,1
KH020760,A,0.8844,1
KH021877,A,0.4895,1
KH022416,A,0.9196,1
KH023748,A,0.9139,1
KH020187,A,0.2664,1
KH020841,A,0.6269,1
KH020049,A,0.323,1
KH022643,A,0.9587,1
KH024289,A,0.7005,1
KH024085,A,0.8867,1
KH024462,A,0.9946,1
KH024637,A,0.989,1
KH024383,A,0.9819,1
KH024091,A,0.9295,1
KH021527,A,0.7232,1
KH022960,A,0.473,1
KH023882,A,0.7661,1
KH023851,A,0.8511,1
KH021358,A,0.4492,1
KH020632,A,0.7208,1
KH021648,A,0.8318,1
KH021098,A,0.9905,1
KH021829,A,0.7003,1
KH022106,A,0.6598,1
KH022586,A,0.9491,1
KH021016,A,0.8876,1
KH021999,A,0.4014,1
KH024907,A,0.2674,1
KH024564,A,0.9892,1
KH023941,A,0.8428,1
KH021324,A,0.8883,1
KH022291,A,0.6868,1
KH024871,A,0.9789,1
KH024459,A,0.496,1
KH023545,A,0.2916,1
KH024307,A,0.4484,1
KH022662,A,0.6658,1
KH022625,A,0.4729,1
KH020785,A,0.7751,1
KH023647,A,0.9084,1
KH023763,A,0.5076,1
KH020326,A,0.4331,1
KH024280,A,0.5096,1
KH022216,A,0.9408,1
KH022910,A,0.9882,1
KH021644,A,0.9908,1
KH021497,A,0.7275,1
KH023598,A,0.5372,1
KH024235,A,0.8351,1
KH022831,A,0.8484,1
KH020020,A,0.9603,1
KH024507,A,0.2888,1
KH021050,A,0.3908,1
KH022681,A,0.9038,1
KH021323,A,0.9934,1
KH020468,A,0.9948,1
KH022268,A,0.4199,1
KH024580,A,0.2947,1
KH023141,A,0.529,1
KH024826,A,0.9562,1
KH020732,A,0.5741,1
KH023866,A,0.9726,1
KH022862,A,0.5886,1
KH022140,A,0.9436,1
KH021189,A,0.9798,1
KH020614,A,0.956,1
KH020216,A,0.9096,1
KH024957,A,0.9941,1
KH022045,A,0.3543,1
KH022081,A,0.5997,1
KH024211,A,0.6339,1
KH023737,A,0.8031,1
KH023074,A,0.9881,1
KH024968,A,0.5764,1
KH023202,A,0.5092,1
KH020549,A,0.9954,1
KH023873,A,0.7411,1
KH020980,A,0.5488,1
KH021176,A,0.4864,1
KH021588,A,0.4403,1
KH024726,A,0.6114,1
KH024909,A,0.8833,1
KH021475,A,0.9888,1
KH021972,A,0.873,1
KH024690,A,0.9046,1
KH023238,A,0.9855,1
KH021235,A,0.9387,1
KH022108,A,0.9933,1
KH023853,A,0.5414,1
KH023172,A,0.5999,1
KH024055,A,0.9119,1
KH022300,A,0.6357,1
KH020229,A,0.513,1
KH023519,A,0.5135,1
KH024440,A,0.9923,1
KH021229,A,0.6011,1
KH023902,A,0.9815,1
KH022598,A,0.9784,1
KH023155,A,0.9626,1
KH024727,A,0.8965,1
KH021831,A,0.7796,1
KH020208,A,0.4382,1
KH021231,A,0.9035,1
KH020881,A,0.9891,1
KH022221,A,0.9949,1
KH022568,A,0.7765,1
KH022337,A,0.2789,1
KH021490,A,0.9259,1
KH024719,A,0.5327,1
KH020074,A,0.8464,1
KH020600,A,0.8373,1
KH021440,A,0.9841,1
KH020103,A,0.6246,1
KH024156,A,0.3505,1
KH020147,A,0.9948,1
KH023832,A,0.8394,1
KH021770,A,0.5191,1
KH022729,A,0.9722,1
KH022859,A,0.3594,1
KH024745,A,0.6395,1
KH022123,A,0.9897,1
KH023182,A,0.9296,1
KH020495,A,0.9808,1
KH024037,A,0.9721,1
KH021425,A,0.5769,1
KH023815,A,0.9929,1
KH020628,A,0.4998,1
KH020660,A,0.8561,1
KH021669,A,0.4837,1
KH023004,A,0.9791,1
KH020847,A,0.6921,1
KH021166,A,0.4913,1
KH023484,A,0.872,1
KH023623,A,0.6916,1
KH022109,A,0.295,1
KH023357,A,0.9556,1
KH020158,A,0.9902,1
KH022616,A,0.9893,1
KH020763,A,0.3823,1
KH024900,A,0.9371,1
KH023608,A,0.712,1
KH021810,A,0.8044,1
KH020487,A,0.4822,1
KH023584,A,0.9638,1
KH023124,A,0.9854,1
KH021750,A,0.9929,1
KH021459,A,0.98,1
KH020254,A,0.8683,1
KH024688,A,0.9947,1
KH021612,A,0.9807,1
KH023305,A,0.453,1
KH024598,A,0.968,1
KH021307,A,0.689,1
KH024566,A,0.9891,1
KH023579,A,0.8578,1
KH023676,A,0.4425,1
KH021458,A,0.6964,1
KH021698,A,0.4772,1
KH021522,A,0.969,1
KH024247,A,0.9799,1
KH024093,A,0.6054,1
KH021858,A,0.4143,1
KH023459,A,0.7546,1
KH022558,A,0.5499,1
KH021885,A,0.9918,1
KH023779,A,0.5627,1
KH022566,A,0.8892,1
KH022209,A,0.9884,1
KH020106,A,0.8481,1
KH023251,A,0.9433,1
KH024914,A,0.6731,1
KH020203,A,0.9507,1
KH022388,A,0.9939,1
KH023209,A,0.686,1
KH021172,A,0.9721,1
KH022035,A,0.8177,1
KH022122,A,0.9874,1
KH022003,A,0.4873,1
KH022429,A,0.9904,1
KH022486,A,0.4243,1
KH022947,A,0.9927,1
KH022890,A,0.9924,1
KH023472,A,0.984,1
KH022458,A,0.8909,1
KH021837,A,0.9934,1
KH021055,A,0.6599,1
KH021572,A,0.3309,1
KH022135,A,0.9929,1
KH024068,A,0.9337,1
KH023900,A,0.9827,1
KH021790,A,0.8311,1
KH023803,A,0.956,1
KH021488,A,0.8765,1
KH022623,A,0.5713,1
KH020175,A,0.97,1
KH022419,A,0.8524,1
KH021409,A,0.4926,1
KH023195,A,0.9901,1
KH021259,A,0.4591,1
KH020448,A,0.3652,1
KH020102,A,0.6872,1
KH021174,A,0.5186,1
KH022345,A,0.9932,1
KH022365,A,0.6306,1
KH021733,A,0.4018,1
KH020087,A,0.5855,1
KH021609,A,0.8943,1
KH022439,A,0.9587,1
KH021899,A,0.9482,1
KH023693,A,0.5379,1
KH023691,A,0.5604,1
KH023090,A,0.9378,1
KH020160,A,0.5395,1
KH021188,A,0.4875,1
KH022442,A,0.3976,1
KH021085,A,0.636,1
KH020910,A,0.5001,1
KH024065,A,0.5057,1
KH023701,A,0.9885,1
KH021378,A,0.9727,1
KH020944,A,0.6017,1
KH022740,A,0.9816,1
KH021244,A,0.8334,1
KH024824,A,0.9883,1
KH021953,A,0.3433,1
KH021386,A,0.9709,1
KH022120,A,0.8497,1
KH021614,A,0.5838,1
KH021298,A,0.9891,1
KH022571,A,0.3736,1
KH023446,A,0.2836,1
KH023183,A,0.6915,1
KH020327,A,0.8457,1
KH022231,A,0.5081,1
KH022746,A,0.9695,1
KH022068,A,0.9887,1
KH020559,A,0.9864,1
KH023860,A,0.6363,1
KH021218,A,0.9845,1
KH023630,A,0.9523,1
KH022075,A,0.9687,1
KH020527,A,0.9857,1
KH024135,A,0.5374,1
KH020196,A,0.7619,1
KH020218,A,0.7598,1
KH020436,A,0.7734,1
KH021416,A,0.314,1
KH023972,A,0.9815,1
KH021861,A,0.3457,1
KH023088,A,0.9905,1
KH020323,A,0.4557,1
KH021476,A,0.4355,1
KH020178,A,0.527,1
KH024257,A,0.3526,1
KH021576,A,0.9703,1
KH021394,A,0.8116,1
KH023365,A,0.9926,1
KH022608,A,0.9925,1
KH024297,A,0.2522,1
KH022168,A,0.3236,1
KH022344,A,0.4985,1
KH020226,A,0.4721,1
KH023505,A,0.3911,1
KH020091,A,0.9656,1
KH021088,A,0.8728,1
KH022119,A,0.3945,1
KH023093,A,0.4223,1
KH022710,A,0.987,1
KH020879,A,0.3871,1
KH021081,A,0.5947,1
KH021210,A,0.4975,1
KH020597,A,0.8271,1
KH023431,A,0.8392,1
KH021405,A,0.9592,1
KH022745,A,0.2844,1
KH024827,A,0.9175,1
KH020720,A,0.9148,1
KH020877,A,0.5091,1
KH023806,A,0.3927,1
KH022892,A,0.8069,1
KH022234,A,0.9842,1
KH021929,A,0.4093,1
KH021076,A,0.9392,1
KH021108,A,0.3686,1
KH020192,A,0.4766,1
KH021148,A,0.991,1
KH020462,A,0.9826,1
KH020307,A,0.9783,1
KH021942,A,0.6119,1
KH024203,A,0.5803,1
KH021635,A,0.3552,1
KH020567,A,0.474,1
KH021436,A,0.4939,1
KH020200,A,0.3791,1
KH023389,A,0.575,1
KH021714,A,0.9832,1
KH020296,A,0.9812,1
KH020390,A,0.4811,1
KH023747,A,0.9844,1
KH024387,A,0.7902,1
KH020287,A,0.7913,1
KH024278,A,0.9663,1
KH023901,A,0.4557,1
KH021741,A,0.427,1
KH024595,A,0.3958,1
KH022932,A,0.9902,1
KH023533,A,0.4207,1
KH020118,A,0.7843,1
KH021387,A,0.5501,1
KH020391,A,0.4511,1
KH024202,A,0.9649,1
KH020235,A,0.9693,1
KH022353,A,0.8235,1
KH020964,A,0.98,1
KH022979,A,0.9896,1
KH022433,A,0.417,1
KH023959,A,0.9899,1
KH024149,A,0.9305,1
KH020836,A,0.4412,1
KH024832,A,0.6917,1
KH020493,A,0.989,1
KH024408,A,0.9812,1
KH021975,A,0.3971,1
KH020583,A,0.9929,1
KH024336,A,0.9814,1
KH024671,A,0.984,1
KH022866,A,0.3456,1
KH020210,A,0.978,1
KH024432,A,0.9921,1
KH022656,A,0.9906,1
KH020428,A,0.9341,1
KH023752,A,0.9894,1
KH023169,A,0.5464,1
KH023801,A,0.5547,1
KH024768,A,0.9814,1
KH023292,A,0.9841,1
KH024467,A,0.9503,1
KH020688,A,0.9912,1
KH022377,A,0.9935,1
KH022888,A,0.9839,1
KH023239,A,0.4627,1
KH024042,A,0.746,1
KH023402,A,0.7234,1
KH024729,A,0.8245,1
KH021130,A,0.7554,1
KH023322,A,0.9283,1
KH020204,A,0.5889,1
KH020940,A,0.9674,1
KH022504,A,0.7932,1
KH021615,A,0.3741,1
KH024251,A,0.7937,1
KH024140,A,0.5271,1
KH020333,A,0.9767,1
KH023277,A,0.9592,1
KH023965,A,0.9931,1
KH024573,A,0.9916,1
KH023425,A,0.3803,1
KH024259,A,0.9751,1
KH024262,A,0.9775,1
KH022940,A,0.5875,1
KH023839,A,0.5236,1
KH020120,A,0.9754,1
KH022784,A,0.973,1
KH021932,A,0.4713,1
KH020097,A,0.8411,1
KH023175,A,0.9571,1
KH024999,A,0.5205,1
KH024375,A,0.9901,1
KH024981,A,0.4465,1
KH021080,A,0.3118,1
KH021186,A,0.9816,1
KH024534,A,0.5826,1
KH024961,A,0.5155,1
KH022426,A,0.9893,1
KH023165,A,0.4812,1
KH020659,A,0.9798,1
KH021971,A,0.6611,1
KH021577,A,0.917,1
KH023590,A,0.4347,1
KH024602,A,0.7524,1
KH022066,A,0.4844,1
KH024608,A,0.3924,1
KH022228,A,0.5128,1
KH023861,A,0.398,1
KH021747,A,0.9105,1
KH022206,A,0.4278,1
KH021557,A,0.9567,1
KH024308,A,0.4776,1
KH024615,A,0.508,1
KH022750,A,0.9249,1
KH024232,A,0.4407,1
KH021057,A,0.9885,1
KH020805,A,0.9882,1
KH021755,A,0.7992,1
KH021816,A,0.6878,1
KH024562,A,0.3768,1
KH022738,A,0.9895,1
KH021838,A,0.7297,1
KH021699,A,0.9451,1
KH022213,A,0.2884,1
KH020480,A,0.4869,1
KH023178,A,0.9872,1
KH021272,A,0.2671,1
KH024700,A,0.9088,1
KH021427,A,0.6772,1
KH020835,A,0.4377,1
KH020636,A,0.9812,1
KH024287,A,0.3874,1
KH024587,A,0.8362,1
KH022055,A,0.4073,1
KH023056,A,0.6331,1
KH020922,A,0.9861,1
KH020809,A,0.3462,1
KH022341,A,0.9918,1
KH024549,A,0.5247,1
KH022806,A,0.9645,1
KH020270,A,0.7437,1
KH020991,A,0.9949,1
KH021986,A,0.7893,1
KH020543,A,0.6533,1
KH022233,A,0.5803,1
KH024118,A,0.9361,1
KH020079,A,0.8709,1
KH021961,A,0.338,1
KH021267,A,0.5423,1
KH020047,A,0.9766,1
KH024250,A,0.9808,1
KH021870,A,0.7789,1
KH021730,A,0.5091,1
KH024694,A,0.2583,1
KH020633,A,0.9702,1
KH021856,A,0.3965,1
KH023643,A,0.821,1
KH022162,A,0.7984,1
KH022387,A,0.9677,1
KH020454,A,0.9919,1
KH023926,A,0.6836,1
KH020640,A,0.5864,1
KH020526,A,0.431,1
KH020373,A,0.3559,1
KH024611,A,0.4676,1
KH023897,A,0.9894,1
KH022731,A,0.564,1
KH022196,A,0.4141,1
KH021094,A,0.3826,1
KH021988,A,0.8275,1
KH023904,A,0.9915,1
KH023261,A,0.4602,1
KH022491,A,0.952,1
KH021507,A,0.9812,1
KH020857,A,0.974,1
KH020653,A,0.5604,1
KH022201,A,0.5067,1
KH023852,A,0.4224,1
KH021502,A,0.9707,1
KH022128,A,0.9863,1
KH022646,A,0.9193,1
KH024357,A,0.6723,1
KH024680,A,0.9159,1
KH021291,A,0.578,1
KH021275,A,0.9861,1
KH023628,A,0.9284,1
KH021033,A,0.9312,1
KH023254,A,0.5779,1
KH020920,A,0.8604,1
KH024743,A,0.9902,1
KH022759,A,0.9887,1
KH021460,A,0.507,1
KH024120,A,0.8611,1
KH020378,A,0.4848,1
KH022654,A,0.9882,1
KH021100,A,0.4501,1
KH024859,A,0.5787,1
KH021558,A,0.6913,1
KH024526,A,0.9621,1
KH023218,A,0.9902,1
KH021563,A,0.8907,1
KH022727,A,0.8653,1
KH020351,A,0.8674,1
KH021834,A,0.9843,1
KH024446,A,0.2997,1
KH023509,A,0.4916,1
KH023669,A,0.4453,1
KH021630,A,0.3962,1
KH024017,A,0.6162,1
KH024332,A,0.8844,1
KH023118,A,0.7156,1
KH023540,A,0.989,1
KH020475,A,0.9765,1
KH023139,A,0.3549,1
KH020482,A,0.4554,1
KH021372,A,0.5087,1
KH022822,A,0.9881,1
KH020014,A,0.994,1
KH024224,A,0.9869,1
KH021000,A,0.6253,1
KH022096,A,0.4971,1
KH023072,A,0.8076,1
KH020382,A,0.6246,1
KH024664,A,0.3828,1
KH022331,A,0.9862,1
KH022503,A,0.5785,1
KH021562,A,0.9253,1
KH023031,A,0.7609,1
KH024633,A,0.9728,1
KH024877,A,0.9906,1
KH024881,A,0.9909,1
KH020522,A,0.7929,1
KH020913,A,0.5504,1
KH023443,A,0.8366,1
KH022531,A,0.9133,1
KH024029,A,0.7928,1
KH021704,A,0.3139,1
KH020538,A,0.9932,1
KH022788,A,0.9824,1
KH023609,A,0.9906,1
KH024198,A,0.9845,1
KH021780,A,0.9642,1
KH024786,A,0.5114,1
KH022789,A,0.8303,1
KH020463,A,0.8025,1
KH023112,A,0.9897,1
KH024763,A,0.3436,1
KH022715,A,0.4631,1
KH022489,A,0.9384,1
KH024557,A,0.2761,1
KH021255,A,0.9637,1
KH021589,A,0.4227,1
KH024977,A,0.3848,1
KH020165,A,0.5711,1
KH023634,A,0.6709,1
KH021777,A,0.9912,1
KH024078,A,0.4476,1
KH020680,A,0.9795,1
KH023758,A,0.3917,1
KH021124,A,0.9832,1
KH023137,A,0.8321,1
KH023922,A,0.853,1
KH024176,A,0.7457,1
KH024699,A,0.9338,1
KH020349,A,0.6494,1
KH021410,A,0.5821,1
KH021958,A,0.9011,1
KH024802,A,0.9917,1
KH024260,A,0.9858,1
KH023511,A,0.75,1
KH024751,A,0.9819,1
KH024255,A,0.88,1
KH021690,A,0.5737,1
KH021580,A,0.9741,1
KH022604,A,0.9941,1
KH020799,A,0.8512,1
KH020550,A,0.9802,1
KH024941,A,0.9845,1
KH020034,A,0.8753,1
KH024857,A,0.9406,1
KH020787,A,0.4608,1
KH022352,A,0.9157,1
KH023221,A,0.4923,1
KH023302,A,0.372,1
KH021818,A,0.3724,1
KH020829,A,0.8095,1
KH022418,A,0.5908,1
KH020244,A,0.984,1
KH020908,A,0.9174,1
KH022279,A,0.5669,1
KH020434,A,0.4974,1
KH020182,A,0.6649,1
KH020572,A,0.9788,1
KH024136,A,0.9778,1
KH022695,A,0.9825,1
KH022379,A,0.9952,1
KH023478,A,0.6574,1
KH023712,A,0.6669,1
KH023282,A,0.8729,1
KH024927,A,0.9257,1
KH022284,A,0.6473,1
KH023344,A,0.3816,1
KH023253,A,0.6742,1
KH024104,A,0.2913,1
KH022086,A,0.8258,1
KH020596,A,0.6328,1
KH023419,A,0.9595,1
KH024200,A,0.9924,1
KH022411,A,0.5663,1
KH023346,A,0.2685,1
KH022657,A,0.6473,1
KH023320,A,0.3967,1
KH023989,A,0.5948,1
KH022309,A,0.5458,1
KH022398,A,0.719,1
KH021542,A,0.8101,1
KH021273,A,0.9673,1
KH020344,A,0.9878,1
KH021107,A,0.9752,1
KH022816,A,0.3298,1
KH023234,A,0.9838,1
KH022193,A,0.9353,1
KH021331,A,0.9623,1
KH020655,A,0.995,1
KH021223,A,0.3884,1
KH023470,A,0.5838,1
KH020347,A,0.9536,1
KH022008,A,0.5679,1
KH020948,A,0.9726,1
KH022340,A,0.5561,1
KH021182,A,0.5174,1
KH021668,A,0.511,1
KH024650,A,0.9862,1
KH021610,A,0.9657,1
KH021246,A,0.9459,1
KH022879,A,0.3493,1
KH021284,A,0.8532,1
KH021892,A,0.781,1
KH023856,A,0.572,1
KH022751,A,0.3627,1
KH024066,A,0.9903,1
KH023531,A,0.9528,1
KH024675,A,0.9941,1
KH020856,A,0.4978,1
KH021034,A,0.3334,1
KH021836,A,0.39,1
KH022585,A,0.9888,1
KH021489,A,0.9928,1
KH022404,A,0.4666,1
KH022690,A,0.6743,1
KH024734,A,0.5651,1
KH021327,A,0.4803,1
KH021666,A,0.9934,1
KH024031,A,0.9788,1
KH020186,A,0.5243,1
KH022582,A,0.4733,1
KH022019,A,0.4709,1
KH022385,A,0.3397,1
KH024010,A,0.9842,1
KH020232,A,0.5676,1
KH023745,A,0.9913,1
KH023557,A,0.4111,1
KH020731,A,0.9926,1
KH023404,A,0.9679,1
KH024543,A,0.9765,1
KH022158,A,0.9543,1
KH021164,A,0.8958,1
KH021355,A,0.9775,1
KH021672,A,0.5202,1
KH021356,A,0.8231,1
KH021864,A,0.9701,1
KH024148,A,0.9943,1
KH023549,A,0.956,1
KH020608,A,0.7198,1
KH021830,A,0.9834,1
KH024441,A,0.8857,1
KH021243,A,0.9814,1
KH020939,A,0.985,1
KH024076,A,0.9866,1
KH021967,A,0.984,1
KH023180,A,0.6667,1
KH020864,A,0.9813,1
KH023130,A,0.9451,1
KH020222,A,0.6028,1
KH020311,A,0.9757,1
KH021178,A,0.569,1
KH024530,A,0.3386,1
KH024370,A,0.7947,1
KH021046,A,0.7605,1
KH024106,A,0.7488,1
KH021793,A,0.4795,1
KH020375,A,0.9329,1
KH023742,A,0.6941,1
KH022909,A,0.9889,1
KH022462,A,0.8026,1
KH022914,A,0.842,1
KH022016,A,0.9813,1
KH024368,A,0.9876,1
KH022825,A,0.55,1
KH024752,A,0.6122,1
KH021564,A,0.9761,1
KH024545,A,0.804,1
KH020057,A,0.3979,1
KH022672,A,0.9586,1
KH023294,A,0.4933,1
KH022074,A,0.5252,1
KH022328,A,0.8375,1
KH022799,A,0.9625,1
KH022819,A,0.9801,1
KH021089,A,0.3536,1
KH021155,A,0.7751,1
KH023410,A,0.988,1
KH024071,A,0.9907,1
KH023429,A,0.3509,1
KH024682,A,0.9707,1
KH020031,A,0.9819,1
KH024321,A,0.6535,1
KH023734,A,0.6185,1
KH022409,A,0.9915,1
KH020466,A,0.4904,1
KH020965,A,0.9888,1
KH024414,A,0.9554,1
KH024516,A,0.7679,1
KH023514,A,0.983,1
KH023613,A,0.9954,1
KH021403,A,0.4501,1
KH021301,A,0.7958,1
KH020956,A,0.9902,1
KH023781,A,0.4616,1
KH022063,A,0.5432,1
KH023236,A,0.9636,1
KH020195,A,0.971,1
KH024970,A,0.5054,1
KH022146,A,0.9652,1
KH020340,A,0.9926,1
KH022469,A,0.4504,1
KH022466,A,0.9875,1
KH021573,A,0.925,1
KH024294,A,0.9937,1
KH021914,A,0.4257,1
KH024443,A,0.5249,1
KH021207,A,0.9921,1
KH021847,A,0.9923,1
KH020048,A,0.5615,1
KH023625,A,0.4528,1
KH023655,A,0.9874,1
KH024884,A,0.4809,1
KH020439,A,0.7366,1
KH023167,A,0.8499,1
KH020848,A,0.3348,1
KH023109,A,0.8681,1
KH023210,A,0.474,1
KH021441,A,0.4695,1
KH023235,A,0.474,1
KH020272,A,0.7124,1
KH021586,A,0.8497,1
KH021495,A,0.783,1
KH021212,A,0.6549,1
KH022220,A,0.6113,1
KH020685,A,0.4749,1
KH022782,A,0.4668,1
KH021508,A,0.9913,1
KH023786,A,0.9942,1
KH024395,A,0.9883,1
KH021809,A,0.9837,1
KH024775,A,0.6018,1
KH022502,A,0.7794,1
KH023272,A,0.6879,1
KH024174,A,0.8724,1
KH023026,A,0.4635,1
KH020279,A,0.9448,1
KH021657,A,0.4808,1
KH021249,A,0.5273,1
KH020061,A,0.9891,1
KH020736,A,0.964,1
KH024687,A,0.7363,1
KH024439,A,0.9109,1
KH021579,A,0.9882,1
KH022722,A,0.9327,1
KH022615,A,0.9869,1
KH022203,A,0.9473,1
KH020723,A,0.3862,1
KH023449,A,0.9815,1
KH024940,A,0.9936,1
KH023352,A,0.9896,1
KH024051,A,0.9877,1
KH020304,A,0.5528,1
KH021990,A,0.2733,1
KH024486,A,0.569,1
KH022190,A,0.9909,1
KH022505,A,0.9896,1
KH022719,A,0.4818,1
KH024847,A,0.85,1
KH020778,A,0.9345,1
KH023205,A,0.9268,1
KH020355,A,0.5473,1
KH024173,A,0.6884,1
KH022660,A,0.8474,1
KH024410,A,0.5041,1
KH021127,A,0.4642,1
KH022207,A,0.876,1
KH023204,A,0.6842,1
KH022208,A,0.5983,1
KH022276,A,0.9765,1
KH024402,A,0.8506,1
KH023756,A,0.9915,1
KH024618,A,0.9307,1
KH020530,A,0.705,1
KH024353,A,0.3682,1
KH024125,A,0.8467,1
KH022464,A,0.9806,1
KH022255,A,0.4593,1
KH022342,A,0.4658,1
KH024325,A,0.6608,1
KH023116,A,0.9751,1
KH024695,A,0.6296,1
KH024487,A,0.9798,1
KH021078,A,0.557,1
KH022199,A,0.9661,1
KH024883,A,0.9575,1
KH021987,A,0.5295,1
KH021923,A,0.3032,1
KH022975,A,0.7323,1
KH020704,A,0.7567,1
KH023762,A,0.4933,1
KH022798,A,0.8711,1
KH021073,A,0.9774,1
KH023409,A,0.9722,1
KH024767,A,0.71,1
KH021270,A,0.54,1
KH022562,A,0.5703,1
KH024026,A,0.3849,1
KH021578,A,0.8005,1
KH020260,A,0.9671,1
KH021224,A,0.9902,1
KH020283,A,0.9716,1
KH022395,A,0.9913,1
KH021173,A,0.9902,1
KH020068,A,0.3349,1
KH024474,A,0.9599,1
KH023754,A,0.7797,1
KH022647,A,0.3199,1
KH022877,A,0.3242,1
KH022942,A,0.9886,1
KH021640,A,0.7523,1
KH024913,A,0.6782,1
KH023028,A,0.6999,1
KH023042,A,0.9727,1
KH023330,A,0.9709,1
KH021300,A,0.5312,1
KH020110,A,0.9901,1
KH022542,A,0.9921,1
KH021925,A,0.9913,1
KH020540,A,0.8504,1
KH022884,A,0.7487,1
KH024929,A,0.3838,1
KH024451,A,0.4413,1
KH020916,A,0.4746,1
KH022351,A,0.3981,1
KH020961,A,0.9473,1
KH024500,A,0.3623,1
KH023728,A,0.9894,1
KH020883,A,0.7624,1
KH020380,A,0.8495,1
KH024163,A,0.9914,1
KH020317,A,0.9919,1
KH021059,A,0.3483,1
KH022115,A,0.9672,1
KH020995,A,0.4579,1
KH024233,A,0.9601,1
KH020807,A,0.9894,1
KH024023,A,0.4741,1
KH022326,A,0.788,1
KH023978,A,0.6315,1
KH022335,A,0.7466,1
KH024380,A,0.8679,1
KH021471,A,0.9913,1
KH021807,A,0.9806,1
KH023621,A,0.988,1
KH024392,A,0.5863,1
KH024894,A,0.5824,1
KH021251,A,0.3996,1
KH022855,A,0.7774,1
KH024793,A,0.989,1
KH023709,A,0.9937,1
KH023790,A,0.5534,1
KH020115,A,0.9435,1
KH022227,A,0.8712,1
KH021634,A,0.8944,1
KH020063,A,0.7788,1
KH020082,A,0.9942,1
KH020843,A,0.376,1
KH020392,A,0.9624,1
KH021907,A,0.4575,1
KH020831,A,0.9853,1
KH021875,A,0.7528,1
KH024228,A,0.9766,1
KH022984,A,0.7026,1
KH021905,A,0.9933,1
KH023375,A,0.9476,1
KH021509,A,0.4649,1
KH020128,A,0.7366,1
KH022801,A,0.628,1
KH022288,A,0.9423,1
KH023485,A,0.9467,1
KH020963,A,0.9391,1
KH020131,A,0.9775,1
KH021716,A,0.9827,1
KH021320,A,0.9749,1
KH023285,A,0.9784,1
KH022267,B,0.9833,1
KH023241,B,0.8605,1
KH021484,B,0.4549,1
KH021739,B,0.3949,1
KH022131,B,0.6111,1
KH024502,B,0.8183,1
KH023384,B,0.9318,1
KH023499,B,0.921,1
KH021169,B,0.965,1
KH022283,B,0.9645,1
KH024210,B,0.3109,1
KH023345,B,0.9359,1
KH021026,B,0.9872,1
KH020053,B,0.9849,1
KH024039,B,0.9136,1
KH020032,B,0.4777,1
KH022087,B,0.9728,1
KH021340,B,0.9215,1
KH020917,B,0.9668,1
KH024709,B,0.4081,1
KH024799,B,0.9533,1
KH024108,B,0.5019,1
KH021904,B,0.5497,1
KH023052,B,0.5489,1
KH022933,B,0.8023,1
KH022754,B,0.4338,1
KH022082,B,0.9678,1
KH022741,B,0.979,1
KH022451,B,0.99,1
KH021142,B,0.9227,1
KH020631,B,0.8518,1
KH023447,B,0.9831,1
KH023877,B,0.4918,1
KH022263,B,0.9321,1
KH022011,B,0.9893,1
KH021279,B,0.9915,1
KH023942,B,0.7084,1
KH021982,B,0.8225,1
KH023780,B,0.9224,1
KH022543,B,0.7275,1
KH024567,B,0.3175,1
KH022443,B,0.9881,1
KH020896,B,0.9905,1
KH023269,B,0.9776,1
KH020234,B,0.4873,1
KH024624,B,0.7749,1
KH024363,B,0.3934,1
KH023135,B,0.5084,1
KH024162,B,0.9613,1
KH023314,B,0.8888,1
KH021067,B,0.6478,1
KH020214,B,0.5434,1
KH023048,B,0.426,1
KH023755,B,0.9852,1
KH021012,B,0.9052,1
KH023350,B,0.9783,1
KH023392,B,0.9849,1
KH022813,B,0.8804,1
KH024356,B,0.4613,1
KH024506,B,0.3134,1
KH021794,B,0.9831,1
KH020161,B,0.9787,1
KH021197,B,0.994,1
KH023542,B,0.9546,1
KH020564,B,0.9863,1
KH023611,B,0.5504,1
KH021466,B,0.9919,1
KH020783,B,0.9877,1
KH020348,B,0.6048,1
KH021696,B,0.9565,1
KH020202,B,0.8163,1
KH024284,B,0.9006,1
KH022919,B,0.5637,1
KH022430,B,0.7676,1
KH024851,B,0.9907,1
KH022155,B,0.7295,1
KH020710,B,0.9907,1
KH021162,B,0.4623,1
KH020330,B,0.439,1
KH023638,B,0.5542,1
KH021431,B,0.985,1
KH024378,B,0.9771,1
KH021041,B,0.9873,1
KH021660,B,0.3175,1
KH020023,B,0.8161,1
KH024784,B,0.7219,1
KH024114,B,0.7967,1
KH024910,B,0.9917,1
KH022496,B,0.9718,1
KH024178,B,0.3594,1
KH020844,B,0.6307,1
KH020381,B,0.9256,1
KH021360,B,0.8521,1
KH021909,B,0.6268,1
KH023084,B,0.5157,1
KH023618,B,0.8979,1
KH020712,B,0.9903,1
KH023730,B,0.2661,1
KH021487,B,0.9762,1
KH023773,B,0.8778,1
KH023335,B,0.559,1
KH024434,B,0.5984,1
KH022237,B,0.464,1
KH021379,B,0.9879,1
KH022020,B,0.5165,1
KH020261,B,0.5479,1
KH020088,B,0.9569,1
KH021093,B,0.9904,1
KH020360,B,0.4361,1
KH022823,B,0.9944,1
KH024003,B,0.6808,1
KH023553,B,0.6076,1
KH024407,B,0.8727,1
KH023464,B,0.5865,1
KH020198,B,0.8895,1
KH024056,B,0.978,1
KH021543,B,0.8706,1
KH020938,B,0.7227,1
KH021637,B,0.3492,1
KH022669,B,0.3905,1
KH022479,B,0.7131,1
KH022054,B,0.9661,1
KH024195,B,0.9109,1
KH022630,B,0.9808,1
KH024538,B,0.9847,1
KH022556,B,0.8723,1
KH023876,B,0.4322,1
KH020050,B,0.4472,1
KH022665,B,0.88,1
KH024606,B,0.5334,1
KH023520,B,0.9828,1
KH021889,B,0.7859,1
KH020507,B,0.8331,1
KH021540,B,0.9761,1
KH021950,B,0.8286,1
KH024466,B,0.4951,1
KH020743,B,0.9895,1
KH024417,B,0.9799,1
KH024460,B,0.7041,1
KH020552,B,0.8267,1
KH020990,B,0.9579,1
KH022360,B,0.3408,1
KH021009,B,0.5696,1
KH020585,B,0.6069,1
KH020424,B,0.9887,1
KH020797,B,0.3523,1
KH023521,B,0.5054,1
KH024311,B,0.6307,1
KH022136,B,0.9565,1
KH022132,B,0.9891,1
KH022012,B,0.8258,1
KH021343,B,0.5171,1
KH020726,B,0.4991,1
KH021319,B,0.8068,1
KH023487,B,0.9856,1
KH024758,B,0.2903,1
KH021227,B,0.9728,1
KH024445,B,0.5198,1
KH021361,B,0.9438,1
KH022698,B,0.8965,1
KH020306,B,0.9038,1
KH020470,B,0.3441,1
KH024511,B,0.9829,1
KH023570,B,0.7888,1
KH023079,B,0.8312,1
KH020485,B,0.8771,1
KH022812,B,0.5435,1
KH020574,B,0.7564,1
KH021898,B,0.9426,1
KH020561,B,0.2939,1
KH023913,B,0.9685,1
KH022205,B,0.9106,1
KH023855,B,0.5764,1
KH020955,B,0.6598,1
KH022557,B,0.6852,1
KH020774,B,0.5508,1
KH023649,B,0.9719,1
KH024323,B,0.4516,1
KH024208,B,0.6705,1
KH021266,B,0.921,1
KH024902,B,0.9755,1
KH024769,B,0.9254,1
KH022712,B,0.4795,1
KH023582,B,0.974,1
KH021688,B,0.9872,1
KH022015,B,0.9921,1
KH024583,B,0.4606,1
KH022306,B,0.2751,1
KH024032,B,0.321,1
KH021671,B,0.486,1
KH024193,B,0.8877,1
KH021039,B,0.9861,1
KH021581,B,0.9834,1
KH024797,B,0.95,1
KH020393,B,0.5409,1
KH021329,B,0.8854,1
KH021287,B,0.4434,1
KH022172,B,0.641,1
KH021002,B,0.958,1
KH022699,B,0.5324,1
KH024098,B,0.804,1
KH024088,B,0.8163,1
KH023948,B,0.9887,1
KH024835,B,0.5368,1
KH022936,B,0.5017,1
KH024662,B,0.9886,1
KH022923,B,0.9918,1
KH023939,B,0.9814,1
KH024362,B,0.9916,1
KH023008,B,0.9804,1
KH021908,B,0.6055,1
KH022375,B,0.9544,1
KH022900,B,0.9843,1
KH023040,B,0.9342,1
KH021689,B,0.6796,1
KH023650,B,0.6193,1
KH022259,B,0.2937,1
KH024527,B,0.3475,1
KH020839,B,0.9703,1
KH021506,B,0.4658,1
KH024315,B,0.9528,1
KH021185,B,0.9797,1
KH021561,B,0.5123,1
KH022824,B,0.8235,1
KH021151,B,0.9566,1
KH021943,B,0.3058,1
KH022322,B,0.3785,1
KH022460,B,0.9912,1
KH024770,B,0.9881,1
KH024546,B,0.9934,1
KH022046,B,0.3843,1
KH020606,B,0.9543,1
KH021705,B,0.4472,1
KH020150,B,0.5393,1
KH022774,B,0.9924,1
KH020009,B,0.4187,1
KH022185,B,0.2895,1
KH023050,B,0.5742,1
KH024988,B,0.5649,1
KH022869,B,0.79,1
KH024165,B,0.5535,1
KH021104,B,0.9801,1
KH023453,B,0.959,1
KH024354,B,0.6149,1
KH023501,B,0.9905,1
KH020185,B,0.9775,1
KH024501,B,0.9874,1
KH020508,B,0.8778,1
KH020945,B,0.9018,1
KH020794,B,0.9853,1
KH024669,B,0.9865,1
KH023468,B,0.9912,1
KH020511,B,0.8767,1
KH023543,B,0.9932,1
KH023062,B,0.828,1
KH021549,B,0.443,1
KH021571,B,0.8937,1
KH020284,B,0.4995,1
KH021546,B,0.9786,1
KH021248,B,0.7809,1
KH020974,B,0.4432,1
KH022059,B,0.7946,1
KH024386,B,0.3622,1
KH024092,B,0.956,1
KH020339,B,0.9066,1
KH020686,B,0.9744,1
KH024979,B,0.9536,1
KH021954,B,0.544,1
KH023685,B,0.5744,1
KH023313,B,0.8104,1
KH022151,B,0.6769,1
KH024972,B,0.9815,1
KH022916,B,0.3786,1
KH023660,B,0.922,1
KH020421,B,0.6021,1
KH022482,B,0.4624,1
KH024422,B,0.6372,1
KH022561,B,0.9102,1
KH024052,B,0.9833,1
KH022600,B,0.9761,1
KH020467,B,0.5066,1
KH022538,B,0.9228,1
KH023951,B,0.355,1
KH024860,B,0.4603,1
KH021632,B,0.9944,1
KH020571,B,0.5029,1
KH024425,B,0.9704,1
KH021656,B,0.6718,1
KH020010,B,0.5939,1
KH021553,B,0.9933,1
KH020370,B,0.7205,1
KH023864,B,0.873,1
KH024429,B,0.9839,1
KH021537,B,0.3345,1
KH023027,B,0.9856,1
KH024119,B,0.5592,1
KH024137,B,0.9919,1
KH021211,B,0.9913,1
KH022521,B,0.7862,1
KH021077,B,0.8573,1
KH023605,B,0.9672,1
KH021679,B,0.9668,1
KH021901,B,0.4724,1
KH022765,B,0.7277,1
KH023816,B,0.9753,1
KH023258,B,0.9709,1
KH024019,B,0.945,1
KH021703,B,0.3501,1
KH022596,B,0.3314,1
KH021544,B,0.2528,1
KH022756,B,0.9351,1
KH022671,B,0.6785,1
KH023532,B,0.8873,1
KH020164,B,0.4402,1
KH020362,B,0.9394,1
KH021584,B,0.5919,1
KH022537,B,0.9846,1
KH024334,B,0.3816,1
KH022327,B,0.9834,1
KH020976,B,0.9006,1
KH023872,B,0.7363,1
KH023230,B,0.4594,1
KH024245,B,0.8656,1
KH023437,B,0.9848,1
KH020634,B,0.9838,1
KH024477,B,0.5479,1
KH022094,B,0.5655,1
KH023606,B,0.9463,1
KH022963,B,0.6932,1
KH022043,B,0.4913,1
KH022802,B,0.9868,1
KH021878,B,0.9593,1
KH022477,B,0.9919,1
KH024597,B,0.9742,1
KH021639,B,0.4972,1
KH023688,B,0.7915,1
KH021980,B,0.9817,1
KH024725,B,0.8466,1
KH023930,B,0.8906,1
KH021134,B,0.544,1
KH020674,B,0.4232,1
KH023678,B,0.9908,1
KH024814,B,0.8214,1
KH024301,B,0.8508,1
KH023760,B,0.837,1
KH022112,B,0.5475,1
KH024514,B,0.9358,1
KH022314,B,0.4051,1
KH022033,B,0.5182,1
KH023266,B,0.9591,1
KH022602,B,0.8081,1
KH022938,B,0.9537,1
KH020556,B,0.5296,1
KH022099,B,0.6465,1
KH021771,B,0.5675,1
KH020155,B,0.955,1
KH024377,B,0.9746,1
KH024366,B,0.6144,1
KH021262,B,0.5215,1
KH021528,B,0.9825,1
KH024025,B,0.5977,1
KH021783,B,0.716,1
KH023148,B,0.9949,1
KH021135,B,0.4886,1
KH022484,B,0.5848,1
KH024684,B,0.3371,1
KH021254,B,0.9082,1
KH022040,B,0.9928,1
KH023255,B,0.9669,1
KH020512,B,0.8189,1
KH023525,B,0.5672,1
KH024704,B,0.9891,1
KH021102,B,0.952,1
KH024480,B,0.7813,1
KH021125,B,0.8298,1
KH021216,B,0.9803,1
KH022150,B,0.8605,1
KH023163,B,0.7846,1
KH021596,B,0.9945,1
KH023391,B,0.5084,1
KH023120,B,0.6906,1
KH022974,B,0.6024,1
KH024220,B,0.9722,1
KH024689,B,0.8807,1
KH021190,B,0.4143,1
KH023328,B,0.8579,1
KH024016,B,0.9604,1
KH022678,B,0.9183,1
KH023332,B,0.9767,1
KH020808,B,0.6453,1
KH021778,B,0.7916,1
KH024236,B,0.451,1
KH024712,B,0.9837,1
KH021072,B,0.8986,1
KH024349,B,0.9908,1
KH022778,B,0.9759,1
KH023214,B,0.9777,1
KH020624,B,0.4226,1
KH023471,B,0.619,1
KH022833,B,0.8748,1
KH024286,B,0.9836,1
KH022057,B,0.4186,1
KH024783,B,0.8376,1
KH021288,B,0.8874,1
KH020026,B,0.4976,1
KH020691,B,0.6519,1
KH022516,B,0.6119,1
KH023637,B,0.8829,1
KH023829,B,0.9468,1
KH023749,B,0.3945,1
KH021346,B,0.8363,1
KH024848,B,0.3802,1
KH023903,B,0.9772,1
KH024030,B,0.9158,1
KH024201,B,0.974,1
KH024274,B,0.8423,1
KH021432,B,0.9887,1
KH023082,B,0.9007,1
KH024382,B,0.5887,1
KH021132,B,0.9913,1
KH022181,B,0.9821,1
KH021652,B,0.9896,1
KH022407,B,0.9645,1
KH024337,B,0.7861,1
KH021658,B,0.7612,1
KH022111,B,0.921,1
KH020759,B,0.562,1
KH023065,B,0.9822,1
KH024554,B,0.5661,1
KH021106,B,0.4617,1
KH023968,B,0.9923,1
KH023058,B,0.9945,1
KH021428,B,0.849,1
KH023387,B,0.8193,1
KH023220,B,0.4738,1
KH020197,B,0.9855,1
KH020702,B,0.9674,1
KH020429,B,0.9775,1
KH024581,B,0.5021,1
KH023522,B,0.5086,1
KH023047,B,0.3602,1
KH022242,B,0.9838,1
KH021625,B,0.4927,1
KH021180,B,0.9875,1
KH024949,B,0.9939,1
KH024265,B,0.5814,1
KH021651,B,0.5786,1
KH023287,B,0.9933,1
KH021839,B,0.5388,1
KH024825,B,0.6033,1
KH023066,B,0.4613,1
KH022100,B,0.9846,1
KH023087,B,0.5806,1
KH021897,B,0.5479,1
KH023654,B,0.9568,1
KH024254,B,0.4947,1
KH021071,B,0.3882,1
KH023413,B,0.8342,1
KH022694,B,0.9346,1
KH020105,B,0.8759,1
KH021603,B,0.5837,1
KH020124,B,0.9134,1
KH022882,B,0.6627,1
KH021036,B,0.42,1
KH024665,B,0.5262,1
KH021422,B,0.7591,1
KH022183,B,0.6348,1
KH022370,B,0.368,1
KH021531,B,0.9826,1
KH021866,B,0.9544,1
KH024464,B,0.6292,1
KH022169,B,0.9507,1
KH023920,B,0.4624,1
KH022400,B,0.9775,1
KH024967,B,0.9478,1
KH020758,B,0.8163,1
KH024816,B,0.986,1
KH022437,B,0.3006,1
KH020741,B,0.9894,1
KH023576,B,0.8866,1
KH021994,B,0.9605,1
KH020827,B,0.5111,1
KH023938,B,0.991,1
KH021524,B,0.5163,1
KH021955,B,0.994,1
KH022674,B,0.952,1
KH024663,B,0.9803,1
KH024327,B,0.5366,1
KH022368,B,0.6258,1
KH023952,B,0.9236,1
KH021749,B,0.8282,1
KH021917,B,0.5603,1
KH023284,B,0.7031,1
KH022867,B,0.9938,1
KH020036,B,0.9778,1
KH023850,B,0.4781,1
KH024989,B,0.6585,1
KH020335,B,0.9521,1
KH021852,B,0.6022,1
KH022666,B,0.5604,1
KH020714,B,0.3138,1
KH021761,B,0.5618,1
KH021894,B,0.6767,1
KH020933,B,0.9742,1
KH022564,B,0.9725,1
KH022212,B,0.4786,1
KH024492,B,0.4529,1
KH021021,B,0.44,1
KH024678,B,0.5841,1
KH020228,B,0.9661,1
KH024129,B,0.9905,1
KH022639,B,0.4646,1
KH022854,B,0.8905,1
KH024218,B,0.9531,1
KH021737,B,0.9773,1
KH023667,B,0.8897,1
KH023364,B,0.8078,1
KH023491,B,0.9699,1
KH023276,B,0.8759,1
KH022031,B,0.9895,1
KH022576,B,0.9729,1
KH022459,B,0.8407,1
KH023580,B,0.6388,1
KH021096,B,0.6338,1
KH020657,B,0.8801,1
KH022691,B,0.7243,1
KH020505,B,0.5339,1
KH021145,B,0.6483,1
KH021040,B,0.3375,1
KH022468,B,0.9782,1
KH023718,B,0.9937,1
KH021570,B,0.4399,1
KH024513,B,0.5754,1
KH023884,B,0.8975,1
KH022609,B,0.6401,1
KH023658,B,0.9594,1
KH024962,B,0.2537,1
KH021712,B,0.3968,1
KH022157,B,0.8781,1
KH023639,B,0.4442,1
KH022069,B,0.8377,1
KH023101,B,0.5159,1
KH021203,B,0.9529,1
KH021110,B,0.9853,1
KH023673,B,0.9917,1
KH020220,B,0.7682,1
KH022171,B,0.9777,1
KH020557,B,0.7837,1
KH021649,B,0.4383,1
KH022605,B,0.7734,1
KH023196,B,0.9382,1
KH022001,B,0.9639,1
KH024141,B,0.3391,1
KH021388,B,0.943,1
KH024912,B,0.9705,1
KH020638,B,0.5162,1
KH024897,B,0.9729,1
KH020259,B,0.9854,1
KH021624,B,0.6849,1
KH020383,B,0.5256,1
KH021548,B,0.8611,1
KH022025,B,0.991,1
KH020648,B,0.824,1
KH022553,B,0.9392,1
KH022821,B,0.9879,1
KH022939,B,0.9008,1
KH021607,B,0.6123,1
KH020258,B,0.9912,1
KH021835,B,0.3805,1
KH020612,B,0.7436,1
KH022645,B,0.9435,1
KH024714,B,0.9807,1
KH024993,B,0.9125,1
KH021832,B,0.5831,1
KH023738,B,0.9837,1
KH020620,B,0.9767,1
KH020793,B,0.279,1
KH020059,B,0.402,1
KH022847,B,0.8521,1
KH021221,B,0.878,1
KH020264,B,0.8882,1
KH022051,B,0.991,1
KH023475,B,0.7707,1
KH020133,B,0.972,1
KH021479,B,0.8981,1
KH022114,B,0.643,1
KH024175,B,0.4355,1
KH024100,B,0.7754,1
KH020153,B,0.3465,1
KH023765,B,0.4205,1
KH020073,B,0.705,1
KH023259,B,0.9746,1
KH024830,B,0.6017,1
KH023053,B,0.3819,1
KH022139,B,0.4504,1
KH023039,B,0.553,1
KH022737,B,0.6441,1
KH024994,B,0.9919,1
KH024836,B,0.8549,1
KH022444,B,0.9398,1
KH021970,B,0.9797,1
KH020409,B,0.7269,1
KH023800,B,0.9387,1
KH020535,B,0.919,1
KH023974,B,0.3374,1
KH023125,B,0.9936,1
KH021948,B,0.4842,1
KH022964,B,0.9798,1
KH022321,B,0.3337,1
KH023033,B,0.5744,1
KH023430,B,0.8436,1
KH022382,B,0.3935,1
KH021312,B,0.5938,1
KH021636,B,0.3328,1
KH022563,B,0.5299,1
KH020320,B,0.9731,1
KH024976,B,0.6911,1
KH023833,B,0.9605,1
KH021280,B,0.9713,1
KH024603,B,0.9935,1
KH022056,B,0.9864,1
KH024772,B,0.9545,1
KH020132,B,0.9908,1
KH021006,B,0.9882,1
KH020730,B,0.7917,1
KH024089,B,0.4407,1
KH024004,B,0.555,1
KH023624,B,0.2618,1
KH022718,B,0.9883,1
KH024283,B,0.4775,1
KH023034,B,0.4909,1
KH024296,B,0.9871,1
KH023502,B,0.956,1
KH024980,B,0.947,1
KH021453,B,0.7802,1
KH024645,B,0.2952,1
KH021120,B,0.7734,1
KH022814,B,0.9376,1
KH023439,B,0.9861,1
KH020781,B,0.9875,1
KH022073,B,0.4547,1
KH021787,B,0.4002,1
KH020514,B,0.9628,1
KH020791,B,0.2814,1
KH023698,B,0.552,1
KH023995,B,0.9926,1
KH020770,B,0.9218,1
KH020589,B,0.5294,1
KH020586,B,0.8883,1
KH020322,B,0.9244,1
KH023632,B,0.3289,1
KH024447,B,0.9754,1
KH023927,B,0.6352,1
KH023536,B,0.4549,1
KH021828,B,0.9626,1
KH024132,B,0.9646,1
KH021430,B,0.2725,1
KH022850,B,0.5559,1
KH023170,B,0.9921,1
KH024270,B,0.5519,1
KH024512,B,0.8962,1
KH020444,B,0.3035,1
KH023252,B,0.9934,1
KH022438,B,0.9871,1
KH021398,B,0.6095,1
KH021962,B,0.9904,1
KH024282,B,0.9832,1
KH024346,B,0.6152,1
KH020942,B,0.4725,1
KH021512,B,0.4007,1
KH021935,B,0.9956,1
KH020983,B,0.7884,1
KH023661,B,0.4676,1
KH024638,B,0.372,1
KH022359,B,0.3528,1
KH024841,B,0.9696,1
KH022475,B,0.8389,1
KH022285,B,0.6582,1
KH023804,B,0.8508,1
KH023015,B,0.8859,1
KH024058,B,0.9536,1
KH023479,B,0.9875,1
KH021397,B,0.9671,1
KH021339,B,0.7494,1
KH020422,B,0.6779,1
KH020151,B,0.9897,1
KH023020,B,0.5032,1
KH021411,B,0.4145,1
KH021638,B,0.985,1
KH020868,B,0.6941,1
KH024234,B,0.4246,1
KH021245,B,0.9948,1
KH023778,B,0.3749,1
KH022820,B,0.5147,1
KH023707,B,0.9912,1
KH024805,B,0.7638,1
KH020753,B,0.3656,1
KH020240,B,0.6258,1
KH022485,B,0.931,1
KH022182,B,0.9423,1
KH022640,B,0.3511,1
KH022912,B,0.9867,1
KH020698,B,0.4223,1
KH022775,B,0.4003,1
KH021983,B,0.9286,1
KH024035,B,0.3374,1
KH022893,B,0.8809,1
KH021842,B,0.572,1
KH024613,B,0.7935,1
KH020078,B,0.9272,1
KH024006,B,0.9687,1
KH022976,B,0.9325,1
KH022927,B,0.9573,1
KH020941,B,0.3985,1
KH024107,B,0.9577,1
KH024740,B,0.2915,1
KH022270,B,0.8975,1
KH024054,B,0.431,1
KH020209,B,0.5194,1
KH024840,B,0.6041,1
KH020569,B,0.9797,1
KH021031,C,0.9912,1
KH021058,C,0.5836,1
KH020751,C,0.3871,1
KH021014,C,0.1909,0
KH021815,C,0.1353,0
KH021334,C,0.9573,1
KH021024,C,0.4827,1
KH024305,C,0.5869,1
KH023333,C,0.4631,1
KH021128,C,0.9638,1
KH022621,C,0.7319,1
KH021960,C,0.5472,1
KH022668,C,0.9651,1
KH024715,C,0.7054,1
KH024794,C,0.695,1
KH020821,C,0.4357,1
KH022103,C,0.3827,1
KH023145,C,0.9704,1
KH021700,C,0.8332,1
KH021498,C,0.887,1
KH024966,C,0.9437,1
KH020257,C,0.9886,1
KH023268,C,0.7029,1
KH023555,C,0.4222,1
KH021119,C,0.8697,1
KH020058,C,0.9878,1
KH021138,C,0.9939,1
KH020173,C,0.9867,1
KH020900,C,0.9648,1
KH020181,C,0.8413,1
KH022642,C,0.5726,1
KH020706,C,0.5221,1
KH021918,C,0.9784,1
KH024982,C,0.8277,1
KH020998,C,0.964,1
KH020643,C,0.8579,1
KH024920,C,0.3927,1
KH021702,C,0.5631,1
KH023299,C,0.2788,1
KH020194,C,0.5514,1
KH022153,C,0.3735,1
KH022223,C,0.9777,1
KH020062,C,0.4304,1
KH021048,C,0.9843,1
KH020541,C,0.9883,1
KH024320,C,0.5592,1
KH021782,C,0.3296,1
KH021381,C,0.4164,1
KH023981,C,0.9893,1
KH020278,C,0.9618,1
KH022463,C,0.3965,1
KH024021,C,0.9168,1
KH022039,C,0.9866,1
KH020936,C,0.9909,1
KH020542,C,0.6831,1
KH024187,C,0.4512,1
KH023363,C,0.9737,1
KH022271,C,0.9706,1
KH022278,C,0.9549,1
KH022269,C,0.8058,1
KH021883,C,0.9892,1
KH024455,C,0.496,1
KH024020,C,0.9892,1
KH022286,C,0.9767,1
KH022714,C,0.6915,1
KH024631,C,0.5251,1
KH020737,C,0.4815,1
KH023775,C,0.0996,0
KH020353,C,0.5913,1
KH022857,C,0.4065,1
KH023091,C,0.966,1
KH024952,C,0.3841,1
KH023412,C,0.2263,0
KH023682,C,0.9913,1
KH024508,C,0.589,1
KH024724,C,0.8694,1
KH023871,C,0.951,1
KH024310,C,0.8934,1
KH024207,C,0.3466,1
KH023627,C,0.0621,0
KH020658,C,0.9521,1
KH022769,C,0.7075,1
KH023675,C,0.9764,1
KH020342,C,0.846,1
KH020318,C,0.8305,1
KH022163,C,0.9792,1
KH022218,C,0.9941,1
KH022858,C,0.4462,1
KH022728,C,0.9142,1
KH021204,C,0.1251,0
KH022902,C,0.805,1
KH022455,C,0.6553,1
KH021969,C,0.7632,1
KH023113,C,0.4478,1
KH022601,C,0.7428,1
KH020705,C,0.3315,1
KH023061,C,0.6227,1
KH022593,C,0.2951,1
KH024808,C,0.3958,1
KH022204,C,0.9909,1
KH022253,C,0.9866,1
KH023527,C,0.4562,1
KH021325,C,0.5469,1
KH024144,C,0.9932,1
KH023769,C,0.9766,1
KH022876,C,0.9783,1
KH021296,C,0.5925,1
KH023029,C,0.9849,1
KH024205,C,0.1614,0
KH022260,C,0.5865,1
KH021718,C,0.7558,1
KH023865,C,0.9722,1
KH022235,C,0.9846,1
KH023846,C,0.3208,1
KH022304,C,0.9906,1
KH023474,C,0.1926,0
KH022697,C,0.5774,1
KH021293,C,0.985,1
KH023529,C,0.4768,1
KH022471,C,0.7851,1
KH023875,C,0.8463,1
KH020863,C,0.6227,1
KH022767,C,0.3988,1
KH023640,C,0.0534,0
KH023355,C,0.9522,1
KH024804,C,0.8784,1
KH021483,C,0.9945,1
KH024717,C,0.5354,1
KH021445,C,0.3206,1
KH022726,C,0.4064,1
KH024248,C,0.99,1
KH021230,C,0.8574,1
KH021480,C,0.3942,1
KH023373,C,0.9842,1
KH020767,C,0.3319,1
KH021902,C,0.9639,1
KH021352,C,0.9933,1
KH020488,C,0.1934,0
KH024269,C,0.5866,1
KH021503,C,0.0499,0
KH024747,C,0.3854,1
KH024206,C,0.2796,1
KH024483,C,0.6733,1
KH024161,C,0.7654,1
KH020715,C,0.2317,0
KH020281,C,0.3432,1
KH023401,C,0.9884,1
KH024934,C,0.4302,1
KH023049,C,0.6813,1
KH022628,C,0.9805,1
KH022197,C,0.9849,1
KH020221,C,0.5162,1
KH021605,C,0.9313,1
KH024240,C,0.9853,1
KH022515,C,0.543,1
KH023037,C,0.9904,1
KH024953,C,0.9906,1
KH022924,C,0.9665,1
KH024788,C,0.7636,1
KH023791,C,0.9566,1
KH024646,C,0.1469,0
KH020911,C,0.9185,1
KH022770,C,0.984,1
KH023702,C,0.9725,1
KH024330,C,0.9841,1
KH020450,C,0.9919,1
KH022410,C,0.7466,1
KH020117,C,0.9902,1
KH023622,C,0.9932,1
KH022500,C,0.7372,1
KH020756,C,0.9893,1
KH022570,C,0.8725,1
KH024846,C,0.9841,1
KH022834,C,0.3963,1
KH020986,C,0.4113,1
KH023725,C,0.9371,1
KH022915,C,0.9895,1
KH021680,C,0.5029,1
KH024668,C,0.826,1
KH021060,C,0.9146,1
KH020613,C,0.9891,1
KH021678,C,0.5191,1
KH020853,C,0.9882,1
KH023513,C,0.4237,1
KH024716,C,0.9459,1
KH023458,C,0.2033,0
KH024930,C,0.4401,1
KH022918,C,0.9819,1
KH021215,C,0.722,1
KH024739,C,0.3333,1
KH022222,C,0.3216,1
KH023705,C,0.9873,1
KH020703,C,0.6154,1
KH020750,C,0.9882,1
KH021806,C,0.2036,0
KH024476,C,0.9751,1
KH020867,C,0.9783,1
KH023372,C,0.8468,1
KH024757,C,0.9792,1
KH021412,C,0.8144,1
KH020645,C,0.5237,1
KH022682,C,0.4745,1
KH024713,C,0.4636,1
KH024560,C,0.8633,1
KH024803,C,0.7733,1
KH020646,C,0.8596,1
KH020069,C,0.9813,1
KH023291,C,0.9753,1
KH024304,C,0.9907,1
KH021565,C,0.97,1
KH023681,C,0.9889,1
KH023811,C,0.113,0
KH022072,C,0.969,1
KH023452,C,0.8737,1
KH024853,C,0.3088,1
KH020357,C,0.9462,1
KH024627,C,0.9895,1
KH020043,C,0.0388,0
KH020816,C,0.5292,1
KH022517,C,0.5425,1
KH020465,C,0.9877,1
KH022763,C,0.0783,0
KH023307,C,0.3697,1
KH022684,C,0.3116,1
KH021731,C,0.5469,1
KH021442,C,0.7034,1
KH020374,C,0.2909,1
KH023041,C,0.8897,1
KH022497,C,0.9799,1
KH023296,C,0.6863,1
KH022636,C,0.3904,1
KH022294,C,0.9654,1
KH024985,C,0.5405,1
KH024358,C,0.4939,1
KH023290,C,0.947,1
KH024344,C,0.8928,1
KH020319,C,0.6152,1
KH022102,C,0.9765,1
KH020663,C,0.965,1
KH024074,C,0.9943,1
KH022631,C,0.5157,1
KH023164,C,0.9904,1
KH024577,C,0.9642,1
KH021599,C,0.8951,1
KH020138,C,0.5286,1
KH023013,C,0.4997,1
KH024390,C,0.4174,1
KH024845,C,0.287,1
KH020744,C,0.7225,1
KH020931,C,0.9658,1
KH022670,C,0.9034,1
KH023226,C,0.3991,1
KH023129,C,0.9928,1
KH022210,C,0.9537,1
KH023568,C,0.4701,1
KH024561,C,0.489,1
KH022844,C,0.9447,1
KH020268,C,0.9928,1
KH020862,C,0.9775,1
KH020402,C,0.9864,1
KH024272,C,0.9887,1
KH024442,C,0.5484,1
KH024379,C,0.9733,1
KH020021,C,0.4214,1
KH020295,C,0.5808,1
KH024351,C,0.7956,1
KH023338,C,0.1406,0
KH020895,C,0.8451,1
KH022060,C,0.4987,1
KH023203,C,0.9935,1
KH023245,C,0.8141,1
KH022302,C,0.7749,1
KH023782,C,0.3318,1
KH023629,C,0.9878,1
KH024789,C,0.5907,1
KH023729,C,0.9858,1
KH022905,C,0.8789,1
KH023016,C,0.1442,0
KH023906,C,0.3149,1
KH022125,C,0.5536,1
KH020472,C,0.8161,1
KH022238,C,0.9505,1
KH024991,C,0.9908,1
KH023663,C,0.6377,1
KH023483,C,0.2113,0
KH022230,C,0.9897,1
KH021857,C,0.7155,1
KH021237,C,0.6536,1
KH024244,C,0.9047,1
KH022587,C,0.5979,1
KH023150,C,0.9886,1
KH023032,C,0.8394,1
KH023713,C,0.5441,1
KH023600,C,0.9718,1
KH020979,C,0.8472,1
KH023515,C,0.8735,1
KH021056,C,0.982,1
KH024854,C,0.872,1
KH023295,C,0.4225,1
KH021200,C,0.9926,1
KH021326,C,0.3016,1
KH024522,C,0.1457,0
KH022980,C,0.0715,0
KH022239,C,0.9929,1
KH022236,C,0.99,1
KH022706,C,0.6673,1
KH020366,C,0.7795,1
KH023830,C,0.0744,0
KH024833,C,0.4928,1
KH020394,C,0.9944,1
KH020384,C,0.1415,0
KH020455,C,0.4845,1
KH021854,C,0.9042,1
KH023289,C,0.6221,1
KH022355,C,0.93,1
KH021876,C,0.4633,1
KH020176,C,0.4107,1
KH021007,C,0.7417,1
KH024890,C,0.5054,1
KH024080,C,0.9602,1
KH020094,C,0.4092,1
KH024722,C,0.9892,1
KH021756,C,0.0898,0
KH022275,C,0.9944,1
KH021791,C,0.056,0
KH021728,C,0.9632,1
KH020987,C,0.9808,1
KH024428,C,0.8113,1
KH024753,C,0.5634,1
KH021510,C,0.9683,1
KH022121,C,0.9878,1
KH021526,C,0.9134,1
KH021873,C,0.9264,1
KH024523,C,0.0855,0
KH021115,C,0.9927,1
KH020923,C,0.9449,1
KH023128,C,0.9728,1
KH021792,C,0.6195,1
KH020089,C,0.9933,1
KH024482,C,0.7715,1
KH023636,C,0.7793,1
KH024179,C,0.2412,1
KH024328,C,0.7455,1
KH024642,C,0.0731,0
KH022835,C,0.9439,1
KH024649,C,0.3327,1
KH021591,C,0.4896,1
KH021937,C,0.3953,1
KH020477,C,0.9271,1
KH022030,C,0.993,1
KH020621,C,0.0876,0
KH021447,C,0.9939,1
KH023883,C,0.9923,1
KH022027,C,0.5286,1
KH023966,C,0.5984,1
KH024889,C,0.8776,1
KH023368,C,0.6312,1
KH022838,C,0.8815,1
KH022800,C,0.3236,1
KH024810,C,0.8634,1
KH022610,C,0.6207,1
KH023795,C,0.4108,1
KH020573,C,0.9034,1
KH022219,C,0.0494,0
KH021443,C,0.299,1
KH020249,C,0.9875,1
KH023896,C,0.9551,1
KH024361,C,0.1229,0
KH022134,C,0.3553,1
KH023810,C,0.9303,1
KH024896,C,0.5797,1
KH023595,C,0.8954,1
KH022705,C,0.5056,1
KH020172,C,0.6839,1
KH021976,C,0.5814,1
KH024134,C,0.9573,1
KH022704,C,0.6562,1
KH022809,C,0.6735,1
KH022921,C,0.965,1
KH024672,C,0.9488,1
KH021424,C,0.9871,1
KH020250,C,0.2958,1
KH021674,C,0.9781,1
KH021827,C,0.5478,1
KH022667,C,0.4392,1
KH022186,C,0.8447,1
KH021665,C,0.674,1
KH020846,C,0.84,1
KH020004,C,0.9636,1
KH024047,C,0.8999,1
KH024648,C,0.5311,1
KH022629,C,0.4235,1
KH022506,C,0.4275,1
KH024498,C,0.9558,1
KH021525,C,0.3407,1
KH024886,C,0.3855,1
KH021569,C,0.7976,1
KH020007,C,0.9632,1
KH020534,C,0.9936,1
KH024131,C,0.5242,1
KH024643,C,0.7918,1
KH022229,C,0.4312,1
KH023575,C,0.1091,0
KH021874,C,0.5653,1
KH024489,C,0.5782,1
KH020954,C,0.0858,0
KH020935,C,0.9884,1
KH022480,C,0.3588,1
KH021309,C,0.5143,1
KH020231,C,0.7471,1
KH023887,C,0.6073,1
KH024152,C,0.9793,1
KH020352,C,0.8534,1
KH024878,C,0.9061,1
KH023578,C,0.4233,1
KH022692,C,0.9388,1
KH022244,C,0.7618,1
KH022147,C,0.6646,1
KH024737,C,0.6915,1
KH023264,C,0.8415,1
KH023710,C,0.9883,1
KH024338,C,0.8997,1
KH022202,C,0.8983,1
KH024400,C,0.9933,1
KH024670,C,0.9315,1
KH022716,C,0.5087,1
KH021302,C,0.6306,1
KH022507,C,0.5248,1
KH023397,C,0.596,1
KH022258,C,0.9921,1
KH023348,C,0.6659,1
KH022256,C,0.4357,1
KH023504,C,0.955,1
KH022551,C,0.9029,1
KH024939,C,0.1637,0
KH023240,C,0.9685,1
KH021984,C,0.4118,1
KH022597,C,0.4778,1
KH023010,C,0.6601,1
KH024452,C,0.8917,1
KH020003,C,0.9933,1
KH020313,C,0.363,1
KH022687,C,0.9655,1
KH020926,C,0.5976,1
KH023473,C,0.4994,1
KH022305,C,0.9566,1
KH024947,C,0.7066,1
KH023192,C,0.4286,1
KH022476,C,0.9849,1
KH020777,C,0.6404,1
KH020282,C,0.8043,1
KH022017,C,0.4529,1
KH021606,C,0.519,1
KH021513,C,0.7978,1
KH024303,C,0.9853,1
KH024879,C,0.4891,1
KH022510,C,0.5822,1
KH022142,C,0.2804,1
KH020861,C,0.5372,1
KH024069,C,0.5045,1
KH021532,C,0.4613,1
KH023940,C,0.813,1
KH023670,C,0.5046,1
KH021017,C,0.4068,1
KH022325,C,0.983,1
KH021752,C,0.834,1
KH024524,C,0.6569,1
KH020458,C,0.5881,1
KH022457,C,0.3653,1
KH024393,C,0.509,1
KH020528,C,0.9909,1
KH021184,C,0.9792,1
KH021798,C,0.9588,1
KH022787,C,0.979,1
KH024778,C,0.5086,1
KH022967,C,0.5592,1
KH023119,C,0.1239,0
KH023991,C,0.904,1
KH024653,C,0.0805,0
KH021149,C,0.6427,1
KH021264,C,0.8222,1
KH023614,C,0.9913,1
KH024674,C,0.4834,1
KH023785,C,0.3074,1
KH024197,C,0.3119,1
KH020236,C,0.9495,1
KH022249,C,0.6598,1
KH021663,C,0.201,0
KH023000,C,0.9911,1
KH021933,C,0.1616,0
KH022552,C,0.6818,1
KH020725,C,0.8931,1
KH022883,C,0.2914,1
KH023283,C,0.2961,1
KH024185,C,0.9799,1
KH023587,C,0.8263,1
KH023574,C,0.9737,1
KH020988,C,0.9622,1
KH024167,C,0.9927,1
KH021629,C,0.8583,1
KH023937,C,0.4889,1
KH020328,C,0.6618,1
KH022250,C,0.9656,1
KH024625,C,0.9934,1
KH020906,C,0.9872,1
KH023977,C,0.5132,1
KH021846,C,0.3353,1
KH024461,C,0.8317,1
KH023433,C,0.9892,1
KH022899,C,0.6715,1
KH023626,C,0.4762,1
KH022881,C,0.4507,1
KH023231,C,0.8521,1
KH023731,C,0.985,1
KH023646,C,0.9152,1
KH020156,C,0.5241,1
KH021881,C,0.185,0
KH021719,C,0.9841,1
KH022264,C,0.9685,1
KH022367,C,0.7012,1
KH020365,C,0.9854,1
KH022005,C,0.9913,1
KH023216,C,0.9683,1
KH022440,C,0.4413,1
KH023559,C,0.8594,1
KH023633,C,0.9457,1
KH023845,C,0.5119,1
KH020361,C,0.1232,0
KH024677,C,0.9771,1
KH020243,C,0.4699,1
KH023784,C,0.9761,1
KH022383,C,0.9454,1
KH023917,C,0.9883,1
KH020174,C,0.9927,1
KH023799,C,0.9899,1
KH020553,C,0.2647,1
KH024075,C,0.566,1
KH021721,C,0.5216,1
KH020828,C,0.5248,1
KH021616,C,0.9288,1
KH023766,C,0.4953,1
KH020223,C,0.53,1
KH020445,C,0.5328,1
KH022969,C,0.867,1
KH023905,C,0.9354,1
KH023340,C,0.9296,1
KH024350,C,0.351,1
KH021154,C,0.6154,1
KH021568,C,0.5065,1
KH021170,C,0.9134,1
KH024901,C,0.9632,1
KH024550,C,0.9852,1
KH024765,C,0.2906,1
KH021452,C,0.9533,1
KH022897,C,0.664,1
KH020749,C,0.9841,1
KH020545,C,0.9867,1
KH020095,C,0.7728,1
KH022339,C,0.4627,1
KH021981,C,0.5133,1
KH022584,C,0.0694,0
KH024844,C,0.9327,1
KH023683,C,0.5456,1
KH023265,C,0.3507,1
KH021677,C,0.402,1
KH024493,C,0.9869,1
KH020888,C,0.0668,0
KH021310,C,0.9199,1
KH021213,C,0.572,1
KH020801,C,0.6621,1
KH024246,C,0.616,1
KH023537,C,0.656,1
KH020520,C,0.3812,1
KH020410,C,0.1181,0
KH021779,C,0.9861,1
KH022989,C,0.0639,0
KH021516,C,0.5516,1
KH022272,C,0.9773,1
KH023973,C,0.647,1
KH022755,C,0.6692,1
KH022617,C,0.459,1
KH020802,C,0.1886,0
KH023848,C,0.9445,1
KH024791,C,0.4439,1
KH024922,C,0.9385,1
KH023057,C,0.7753,1
KH024347,C,0.4531,1
KH020431,C,0.9255,1
KH024239,C,0.9234,1
KH024090,C,0.0576,0
KH020179,C,0.1407,0
KH021957,C,0.6235,1
KH020501,C,0.9785,1
KH022945,C,0.5548,1
KH021567,C,0.5322,1
KH020902,C,0.7591,1
KH021745,C,0.1642,0
KH021845,C,0.9947,1
KH020851,C,0.5026,1
KH024264,C,0.9917,1
KH020886,C,0.7558,1
KH022292,C,0.9784,1
KH024673,C,0.9554,1
KH023970,C,0.4913,1
KH023011,C,0.4544,1
KH021022,C,0.5807,1
KH021608,C,0.5365,1
KH020460,C,0.1218,0
KH024081,C,0.9394,1
KH020044,C,0.9629,1
KH024620,C,0.6415,1
KH020121,C,0.446,1
KH020416,C,0.7813,1
KH020532,C,0.5918,1
KH020119,C,0.8698,1
KH020310,C,0.987,1
KH022118,C,0.8206,1
KH020092,C,0.9814,1
KH021079,C,0.4499,1
KH021863,C,0.8988,1
KH021618,C,0.4133,1
KH024061,C,0.4356,1
KH022911,C,0.5533,1
KH023807,C,0.5516,1
KH023262,C,0.4863,1
KH023945,C,0.5954,1
KH023949,C,0.4466,1
KH024683,C,0.9886,1
KH024237,C,0.1457,0
KH023895,C,0.4274,1
KH024761,C,0.4818,1
KH022725,C,0.1116,0
KH021054,C,0.6988,1
KH023914,C,0.5277,1
KH023594,C,0.6626,1
KH023077,C,0.8509,1
KH024963,C,0.7107,1
KH022394,C,0.6244,1
KH021194,C,0.9217,1
KH024170,C,0.9271,1
KH023045,C,0.9382,1
KH021849,C,0.9421,1
KH020874,C,0.7238,1
KH024312,C,0.1426,0
KH020692,C,0.2343,0
KH023666,C,0.6238,1
KH024112,C,0.9921,1
KH020918,C,0.5266,1
KH021290,C,0.4352,1
KH024306,C,0.9101,1
KH024261,C,0.4958,1
KH022971,C,0.1502,0
KH023610,C,0.5636,1
KH022226,C,0.8727,1
KH024258,C,0.7466,1
KH021338,C,0.4111,1
KH024864,C,0.4491,1
KH020989,C,0.3521,1
KH020006,C,0.7548,1
KH022446,C,0.1613,0
KH022061,C,0.2238,0
KH020358,C,0.9818,1
KH022080,C,0.7263,1
KH021493,C,0.444,1
KH024316,C,0.1007,0
KH021359,C,0.5927,1
KH022783,C,0.7976,1
KH022280,C,0.434,1
KH021992,C,0.6145,1
KH022709,C,0.1422,0
KH024496,C,0.0429,0
KH021377,C,0.8972,1
KH024406,C,0.305,1
KH021996,C,0.5811,1
KH021709,C,0.5704,1
KH024028,C,0.9924,1
KH021450,C,0.9931,1
KH024457,C,0.7529,1
KH022702,C,0.6921,1
KH023703,C,0.9632,1
KH022366,C,0.5872,1
KH020578,C,0.7512,1
KH022361,C,0.9365,1
KH020754,C,0.9815,1
KH020755,C,0.2824,1
KH021395,C,0.4776,1
KH021550,C,0.1402,0
KH021582,C,0.117,0
KH022184,C,0.0517,0
KH020996,C,0.1463,0
KH020669,C,0.9911,1
KH024660,C,0.701,1
KH022424,C,0.4986,1
KH022154,C,0.4172,1
KH020144,C,0.7632,1
KH021928,C,0.9933,1
KH022289,C,0.8704,1
KH022179,C,0.5583,1
KH020602,C,0.9884,1
KH022720,C,0.9842,1
KH020959,C,0.4149,1
KH024405,C,0.9873,1
KH022470,C,0.7451,1
KH023867,C,0.9905,1
KH021367,C,0.9913,1
KH024785,C,0.4948,1
KH020719,C,0.489,1
KH024057,C,0.8275,1
KH020592,C,0.3395,1
KH020873,C,0.1264,0
KH020025,C,0.3596,1
KH023189,C,0.3225,1
KH022332,C,0.4827,1
KH020517,C,0.9253,1
KH020206,C,0.419,1
KH022588,C,0.7434,1
KH021191,C,0.9641,1
KH020834,C,0.986,1
KH021141,C,0.8329,1
KH021342,C,0.9058,1
KH020814,C,0.9767,1
KH024062,D,0.9802,1
KH020312,D,0.9828,1
KH020711,D,0.4895,1
KH022022,D,0.5262,1
KH020958,D,0.9766,1
KH024147,D,0.2288,0
KH023046,D,0.4353,1
KH021701,D,0.9096,1
KH021795,D,0.9629,1
KH024453,D,0.9807,1
KH022274,D,0.5252,1
KH020904,D,0.8815,1
KH020018,D,0.1221,0
KH022810,D,0.5349,1
KH024070,D,0.6923,1
KH023405,D,0.1798,0
KH022851,D,0.8672,1
KH024558,D,0.9771,1
KH021199,D,0.9381,1
KH024318,D,0.9899,1
KH020993,D,0.5714,1
KH020180,D,0.0904,0
KH022412,D,0.2558,1
KH021485,D,0.6251,1
KH021389,D,0.9734,1
KH022677,D,0.9763,1
KH020090,D,0.8775,1
KH021238,D,0.4735,1
KH021710,D,0.5676,1
KH023950,D,0.5219,1
KH023674,D,0.6079,1
KH022573,D,0.9194,1
KH021521,D,0.9197,1
KH020548,D,0.9778,1
KH020298,D,0.9692,1
KH021157,D,0.4534,1
KH023199,D,0.9641,1
KH024821,D,0.5455,1
KH023992,D,0.8315,1
KH021893,D,0.801,1
KH021469,D,0.7431,1
KH024300,D,0.9747,1
KH020813,D,0.8294,1
KH020525,D,0.7578,1
KH020670,D,0.9459,1
KH020233,D,0.8764,1
KH024295,D,0.452,1
KH023530,D,0.8237,1
KH022028,D,0.9322,1
KH023060,D,0.9441,1
KH022076,D,0.7833,1
KH022607,D,0.9783,1
KH021813,D,0.9939,1
KH021862,D,0.2488,1
KH024404,D,0.5164,1
KH022049,D,0.9869,1
KH021538,D,0.9205,1
KH024697,D,0.8847,1
KH024946,D,0.6008,1
KH020949,D,0.9873,1
KH020826,D,0.6847,1
KH022097,D,0.4464,1
KH023680,D,0.8404,1
KH021242,D,0.1372,0
KH021684,D,0.4474,1
KH021370,D,0.4216,1
KH021109,D,0.9826,1
KH024124,D,0.3232,1
KH023174,D,0.3728,1
KH020443,D,0.5406,1
KH024861,D,0.9911,1
KH020212,D,0.6335,1
KH020071,D,0.4046,1
KH024082,D,0.1239,0
KH024974,D,0.9903,1
KH021574,D,0.3676,1
KH022744,D,0.5067,1
KH022450,D,0.519,1
KH021766,D,0.9682,1
KH022320,D,0.4165,1
KH024822,D,0.9567,1
KH022757,D,0.839,1
KH020190,D,0.3312,1
KH021533,D,0.0862,0
KH020830,D,0.9824,1
KH023881,D,0.5703,1
KH023002,D,0.9893,1
KH021165,D,0.8699,1
KH021936,D,0.9683,1
KH021168,D,0.1921,0
KH024192,D,0.9111,1
KH023641,D,0.9921,1
KH022618,D,0.5246,1
KH024916,D,0.7621,1
KH024510,D,0.9927,1
KH020451,D,0.4233,1
KH023652,D,0.9808,1
KH023242,D,0.4283,1
KH020536,D,0.4008,1
KH023813,D,0.8295,1
KH021742,D,0.5859,1
KH021433,D,0.4908,1
KH020953,D,0.8843,1
KH020426,D,0.9807,1
KH022461,D,0.9729,1
KH020733,D,0.9885,1
KH021209,D,0.9876,1
KH020247,D,0.9695,1
KH020675,D,0.8489,1
KH023427,D,0.9035,1
KH022098,D,0.9829,1
KH022246,D,0.9335,1
KH022848,D,0.9174,1
KH022760,D,0.2263,0
KH022127,D,0.9836,1
KH022953,D,0.9858,1
KH024755,D,0.5315,1
KH023407,D,0.9761,1
KH024326,D,0.9447,1
KH020114,D,0.9813,1
KH024518,D,0.9823,1
KH023426,D,0.9733,1
KH020148,D,0.8334,1
KH024705,D,0.8397,1
KH022875,D,0.4109,1
KH020111,D,0.8278,1
KH023380,D,0.5049,1
KH020789,D,0.3458,1
KH023771,D,0.0349,0
KH022492,D,0.579,1
KH024449,D,0.6321,1
KH021042,D,0.5894,1
KH022594,D,0.9599,1
KH023399,D,0.9804,1
KH021423,D,0.975,1
KH024720,D,0.9832,1
KH021623,D,0.4067,1
KH020085,D,0.5738,1
KH024109,D,0.4033,1
KH023612,D,0.4095,1
KH020070,D,0.7143,1
KH023138,D,0.4766,1
KH020840,D,0.1462,0
KH020051,D,0.0819,0
KH024352,D,0.5558,1
KH023862,D,0.9874,1
KH024685,D,0.8958,1
KH024874,D,0.8815,1
KH024050,D,0.6148,1
KH023840,D,0.9899,1
KH024730,D,0.1136,0
KH020666,D,0.3771,1
KH021989,D,0.416,1
KH021035,D,0.2577,1
KH022627,D,0.993,1
KH023414,D,0.0496,0
KH022579,D,0.3429,1
KH021220,D,0.9789,1
KH024401,D,0.2207,0
KH021919,D,0.4671,1
KH024190,D,0.2141,0
KH023325,D,0.9843,1
KH022908,D,0.7946,1
KH023492,D,0.9784,1
KH022555,D,0.4364,1
KH021930,D,0.5901,1
KH023309,D,0.9049,1
KH022922,D,0.9396,1
KH023099,D,0.3639,1
KH022961,D,0.5218,1
KH024736,D,0.7362,1
KH022396,D,0.9776,1
KH021282,D,0.8714,1
KH020385,D,0.9876,1
KH020096,D,0.9891,1
KH024073,D,0.9265,1
KH023456,D,0.9749,1
KH023134,D,0.9519,1
KH023369,D,0.7312,1
KH022994,D,0.6923,1
KH023181,D,0.0713,0
KH020405,D,0.4721,1
KH020134,D,0.5615,1
KH020077,D,0.7013,1
KH023664,D,0.148,0
KH021650,D,0.3991,1
KH023396,D,0.3213,1
KH022948,D,0.8899,1
KH023281,D,0.9802,1
KH024121,D,0.378,1
KH024604,D,0.6646,1
KH024647,D,0.8394,1
KH024781,D,0.485,1
KH023158,D,0.3956,1
KH024555,D,0.9679,1
KH024046,D,0.9827,1
KH021028,D,0.4179,1
KH020870,D,0.9629,1
KH023382,D,0.5233,1
KH021195,D,0.491,1
KH022167,D,0.9807,1
KH020699,D,0.2457,1
KH020435,D,0.3735,1
KH023293,D,0.3358,1
KH024128,D,0.9809,1
KH022145,D,0.3559,1
KH020625,D,0.612,1
KH022315,D,0.1593,0
KH024986,D,0.8672,1
KH023171,D,0.8648,1
KH021306,D,0.9933,1
KH024324,D,0.8699,1
KH021593,D,0.8646,1
KH024600,D,0.3884,1
KH020354,D,0.5923,1
KH020083,D,0.0758,0
KH021853,D,0.9703,1
KH024623,D,0.0506,0
KH020681,D,0.8987,1
KH024585,D,0.3706,1
KH021061,D,0.5757,1
KH020162,D,0.0802,0
KH023009,D,0.9894,1
KH022863,D,0.9001,1
KH021053,D,0.9731,1
KH021841,D,0.9721,1
KH021762,D,0.5312,1
KH023227,D,0.4233,1
KH020301,D,0.7349,1
KH020798,D,0.9642,1
KH021008,D,0.7792,1
KH024049,D,0.2736,1
KH023326,D,0.1585,0
KH024895,D,0.9915,1
KH023918,D,0.6101,1
KH020005,D,0.9779,1
KH024584,D,0.3194,1
KH020219,D,0.1915,0
KH024369,D,0.979,1
KH022982,D,0.9929,1
KH022533,D,0.9816,1
KH022856,D,0.3939,1
KH024721,D,0.4079,1
KH024592,D,0.9472,1
KH022708,D,0.8552,1
KH021232,D,0.8284,1
KH023121,D,0.9926,1
KH024086,D,0.4391,1
KH020438,D,0.4008,1
KH024160,D,0.5766,1
KH024279,D,0.634,1
KH022906,D,0.5384,1
KH022560,D,0.4219,1
KH023908,D,0.4505,1
KH020171,D,0.966,1
KH023152,D,0.992,1
KH022546,D,0.796,1
KH022721,D,0.4298,1
KH023361,D,0.8432,1
KH024599,D,0.9739,1
KH022180,D,0.5968,1
KH023665,D,0.7729,1
KH023826,D,0.979,1
KH023140,D,0.4602,1
KH022929,D,0.4991,1
KH022312,D,0.9936,1
KH020898,D,0.9814,1
KH020271,D,0.8718,1
KH020771,D,0.9947,1
KH023316,D,0.6665,1
KH021715,D,0.985,1
KH021760,D,0.6715,1
KH022528,D,0.9802,1
KH021938,D,0.9669,1
KH022085,D,0.9751,1
KH024299,D,0.9824,1
KH021504,D,0.9695,1
KH021824,D,0.9892,1
KH021913,D,0.9948,1
KH024556,D,0.3867,1
KH024521,D,0.9846,1
KH024686,D,0.9923,1
KH021464,D,0.8456,1
KH024965,D,0.0806,0
KH021478,D,0.7495,1
KH024933,D,0.3526,1
KH023963,D,0.9382,1
KH024097,D,0.5057,1
KH022804,D,0.3281,1
KH024418,D,0.9728,1
KH023837,D,0.9907,1
KH021686,D,0.9931,1
KH022885,D,0.4841,1
KH022101,D,0.5124,1
KH023602,D,0.2292,0
KH022243,D,0.5301,1
KH023809,D,0.9545,1
KH022281,D,0.1654,0
KH023825,D,0.9625,1
KH022703,D,0.9867,1
KH021743,D,0.6647,1
KH022772,D,0.4379,1
KH020386,D,0.0972,0
KH023962,D,0.2951,1
KH023516,D,0.9935,1
KH020420,D,0.4612,1
KH020792,D,0.9647,1
KH024766,D,0.5265,1
KH020837,D,0.908,1
KH022580,D,0.5592,1
KH023581,D,0.1361,0
KH021799,D,0.7302,1
KH020927,D,0.5135,1
KH020768,D,0.977,1
KH022937,D,0.4868,1
KH024142,D,0.8104,1
KH020637,D,0.4538,1
KH020486,D,0.5619,1
KH021101,D,0.8501,1
KH023651,D,0.9808,1
KH023923,D,0.5633,1
KH022038,D,0.6843,1
KH022191,D,0.9058,1
KH024253,D,0.4906,1
KH024223,D,0.9904,1
KH022749,D,0.5727,1
KH023451,D,0.41,1
KH020336,D,0.9899,1
KH022232,D,0.9919,1
KH024155,D,0.9188,1
KH021003,D,0.9934,1
KH024865,D,0.9869,1
KH023237,D,0.9918,1
KH023508,D,0.5756,1
KH022574,D,0.9758,1
KH024945,D,0.7206,1
KH023353,D,0.3786,1
KH020740,D,0.9691,1
KH024024,D,0.882,1
KH021978,D,0.8032,1
KH021353,D,0.9505,1
KH020815,D,0.8122,1
KH020149,D,0.5065,1
KH020855,D,0.4081,1
KH020001,D,0.5138,1
KH022949,D,0.9661,1
KH020909,D,0.6333,1
KH022701,D,0.9672,1
KH023562,D,0.5016,1
KH022730,D,0.9826,1
KH023071,D,0.3484,1
KH020293,D,0.3913,1
KH022414,D,0.7609,1
KH023006,D,0.9537,1
KH020601,D,0.7404,1
KH024472,D,0.5875,1
KH024456,D,0.9601,1
KH024298,D,0.6633,1
KH022793,D,0.67,1
KH024519,D,0.9914,1
KH024818,D,0.406,1
KH021808,D,0.7604,1
KH020654,D,0.8716,1
KH024777,D,0.4146,1
KH020299,D,0.3212,1
KH024547,D,0.991,1
KH021551,D,0.8116,1
KH021681,D,0.9854,1
KH022357,D,0.9166,1
KH023442,D,0.9449,1
KH023075,D,0.1265,0
KH020290,D,0.6618,1
KH022545,D,0.3252,1
KH024288,D,0.9887,1
KH020459,D,0.115,0
KH024345,D,0.9854,1
KH020878,D,0.4358,1
KH022520,D,0.1235,0
KH023921,D,0.994,1
KH021473,D,0.4732,1
KH023783,D,0.8594,1
KH020891,D,0.9052,1
KH021474,D,0.4837,1
KH023874,D,0.9779,1
KH023232,D,0.9852,1
KH020377,D,0.6206,1
KH023750,D,0.4434,1
KH022931,D,0.1013,0
KH020379,D,0.5086,1
KH023036,D,0.7125,1
KH021801,D,0.3842,1
KH024242,D,0.502,1
KH022104,D,0.8407,1
KH020492,D,0.5731,1
KH020678,D,0.7241,1
KH021823,D,0.9882,1
KH022829,D,0.3416,1
KH024329,D,0.9745,1
KH023657,D,0.6038,1
KH023635,D,0.9903,1
KH020766,D,0.9803,1
KH022137,D,0.5816,1
KH021518,D,0.573,1
KH023854,D,0.5438,1
KH020456,D,0.9766,1
KH020125,D,0.9932,1
KH022010,D,0.1381,0
KH020687,D,0.5642,1
KH023233,D,0.0794,0
KH021911,D,0.8685,1
KH024552,D,0.3016,1
KH021802,D,0.7323,1
KH022296,D,0.9257,1
KH020838,D,0.9822,1
KH020824,D,0.384,1
KH023933,D,0.975,1
KH022483,D,0.4053,1
KH024809,D,0.9753,1
KH020356,D,0.5226,1
KH021611,D,0.5764,1
KH023246,D,0.9897,1
KH021732,D,0.8999,1
KH023191,D,0.9537,1
KH022711,D,0.4545,1
KH024928,D,0.9609,1
KH021944,D,0.9937,1
KH023086,D,0.9545,1
KH021037,D,0.3799,1
KH024285,D,0.5932,1
KH021018,D,0.9276,1
KH021670,D,0.5834,1
KH021153,D,0.9817,1
KH023947,D,0.0606,0
KH020728,D,0.6201,1
KH022887,D,0.795,1
KH023144,D,0.9918,1
KH021015,D,0.9848,1
KH024621,D,0.4643,1
KH023539,D,0.6072,1
KH024130,D,0.7978,1
KH023985,D,0.9908,1
KH023844,D,0.9512,1
KH020973,D,0.5562,1
KH021814,D,0.4716,1
KH022655,D,0.946,1
KH023841,D,0.9905,1
KH020934,D,0.3279,1
KH021470,D,0.0877,0
KH023808,D,0.876,1
KH024899,D,0.7959,1
KH023370,D,0.9895,1
KH023493,D,0.8414,1
KH020568,D,0.2726,1
KH020269,D,0.0848,0
KH021357,D,0.9871,1
KH022752,D,0.7376,1
KH023831,D,0.6771,1
KH021850,D,0.3391,1
KH022498,D,0.3723,1
KH022536,D,0.8927,1
KH022323,D,0.0826,0
KH021027,D,0.9782,1
KH020427,D,0.8166,1
KH021765,D,0.4917,1
KH022405,D,0.9794,1
KH024111,D,0.9379,1
KH021784,D,0.7812,1
KH024707,D,0.527,1
KH022611,D,0.9889,1
KH020594,D,0.6586,1
KH021492,D,0.1207,0
KH022880,D,0.4031,1
KH021181,D,0.4593,1
KH020516,D,0.3822,1
KH024268,D,0.4661,1
KH022261,D,0.9882,1
KH021903,D,0.8518,1
KH023153,D,0.2699,1
KH024391,D,0.4299,1
KH021122,D,0.4465,1
KH022845,D,0.5074,1
KH024115,D,0.8448,1
KH020122,D,0.9478,1
KH024033,D,0.854,1
KH022603,D,0.5739,1
KH021952,D,0.6817,1
KH020275,D,0.9929,1
KH020820,D,0.4336,1
KH022214,D,0.991,1
KH021888,D,0.6884,1
KH022364,D,0.6624,1
KH024171,D,0.9881,1
KH024681,D,0.9317,1
KH024806,D,0.5632,1
KH022290,D,0.9924,1
KH024384,D,0.7008,1
KH021717,D,0.9914,1
KH020205,D,0.526,1
KH022840,D,0.8169,1
KH024314,D,0.6461,1
KH020489,D,0.9254,1
KH022786,D,0.5893,1
KH022165,D,0.991,1
KH020401,D,0.9426,1
KH022987,D,0.9856,1
KH022843,D,0.9559,1
KH024823,D,0.6133,1
KH022452,D,0.4757,1
KH021772,D,0.5165,1
KH021592,D,0.9546,1
KH024858,D,0.9292,1
KH022733,D,0.4576,1
KH020039,D,0.9927,1
KH023969,D,0.6079,1
KH020875,D,0.644,1
KH024495,D,0.4447,1
KH023980,D,0.7742,1
KH023996,D,0.1473,0
KH023842,D,0.9923,1
KH022143,D,0.9769,1
KH020937,D,0.5427,1
KH020411,D,0.8549,1
KH022679,D,0.9195,1
KH022401,D,0.9374,1
KH023297,D,0.9874,1
KH023315,D,0.4454,1
KH024435,D,0.628,1
KH021713,D,0.1798,0
KH022952,D,0.869,1
KH023321,D,0.1864,0
KH024365,D,0.5962,1
KH024815,D,0.599,1
KH024180,D,0.9914,1
KH022808,D,0.9594,1
KH020971,D,0.7849,1
KH023376,D,0.7382,1
KH024732,D,0.2846,1
KH020603,D,0.871,1
KH023133,D,0.973,1
KH024882,D,0.7975,1
KH021757,D,0.4683,1
KH021269,D,0.9916,1
KH020752,D,0.9699,1
KH022523,D,0.6277,1
KH020372,D,0.0411,0
KH021171,D,0.4571,1
KH023457,D,0.7061,1
KH023672,D,0.6352,1
KH021664,D,0.8554,1
KH024984,D,0.9837,1
KH021643,D,0.9905,1
KH020479,D,0.6062,1
KH020897,D,0.9774,1
KH024607,D,0.7376,1
KH024499,D,0.1375,0
KH024444,D,0.6234,1
KH023379,D,0.7735,1
KH021393,D,0.9754,1
KH022105,D,0.9235,1
KH021408,D,0.5843,1
KH021462,D,0.8986,1
KH020626,D,0.55,1
KH023177,D,0.96,1
KH021369,D,0.8511,1
KH024711,D,0.4216,1
KH020207,D,0.8479,1
KH021198,D,0.408,1
KH022324,D,0.5614,1
KH024217,D,0.7668,1
KH020823,D,0.5545,1
KH021768,D,0.7229,1
KH022996,D,0.0838,0
KH024870,D,0.9686,1
KH020418,D,0.5355,1
KH021884,D,0.6616,1
KH023438,D,0.9546,1
KH020046,D,0.9792,1
KH021011,D,0.8353,1
KH024990,D,0.5837,1
KH024158,D,0.5028,1
KH021086,D,0.9784,1
KH020563,D,0.6885,1
KH022522,D,0.5009,1
KH023928,D,0.8169,1
KH023388,D,0.9858,1
KH023727,D,0.9942,1
KH021647,D,0.0991,0
KH023893,D,0.9643,1
KH020684,D,0.5041,1
KH022693,D,0.4404,1
KH022415,D,0.8264,1
KH024983,D,0.9731,1
KH020350,D,0.5082,1
KH023888,D,0.992,1
KH023147,D,0.3363,1
KH023490,D,0.9413,1
KH022093,D,0.5323,1
KH020647,D,0.9877,1
KH020055,D,0.6126,1
KH022449,D,0.8794,1
KH023498,D,0.5096,1
KH023422,D,0.9634,1
KH022297,D,0.9664,1
KH021628,D,0.7646,1
KH020580,D,0.9878,1
KH023821,D,0.985,1
KH022009,D,0.9293,1
KH023518,D,0.7113,1
KH023115,D,0.5542,1
KH023286,D,0.3851,1
KH024634,D,0.229,0
KH022995,D,0.5404,1
KH024133,D,0.2739,1
KH024059,D,0.9829,1
KH024978,D,0.8082,1
KH023768,D,0.2827,1
KH023306,D,0.7452,1
KH023467,D,0.3718,1
KH020672,D,0.1386,0
KH021292,D,0.3943,1
KH021759,D,0.9873,1
KH022124,D,0.9308,1
KH023173,D,0.9837,1
KH021019,D,0.2829,1
KH022748,D,0.9816,1
KH021390,D,0.9695,1
KH022723,D,0.9848,1
KH020045,D,0.7843,1
KH023787,D,0.9607,1
KH023615,D,0.4195,1
KH024951,D,0.984,1
KH022511,D,0.9818,1
KH024676,D,0.5331,1
KH023583,D,0.6985,1
KH022474,D,0.6068,1
KH024505,D,0.0583,0
KH023994,D,0.1338,0
KH023868,D,0.4297,1
KH020469,D,0.9873,1
KH023081,D,0.6938,1
KH022266,D,0.7489,1
KH022567,D,0.8534,1
KH023794,D,0.9857,1
KH022422,D,0.4598,1
KH023704,D,0.8731,1
KH020890,D,0.1917,0
KH021328,D,0.9873,1
KH020038,D,0.0464,0
KH024238,D,0.7356,1
KH024703,D,0.6053,1
KH021455,D,0.9649,1
KH020280,D,0.1909,0
KH023168,D,0.9806,1
KH021891,D,0.9667,1
KH024412,D,0.7857,1
KH022943,D,0.0781,0
KH022954,D,0.4863,1
KH020577,D,0.473,1
KH020739,D,0.5975,1
KH021906,D,0.9052,1
KH022126,D,0.5363,1
KH021910,D,0.9784,1
KH020915,D,0.9839,1
KH020285,D,0.5509,1
KH023603,D,0.723,1
KH023377,D,0.1579,0
KH023301,D,0.1901,0
KH022842,D,0.9919,1
KH022846,D,0.4061,1
KH020002,D,0.9808,1
KH023359,D,0.9854,1
KH021256,D,0.8481,1
KH023122,D,0.6862,1
KH024426,D,0.8947,1
KH021617,D,0.6956,1
KH021419,D,0.6382,1
KH024641,D,0.9515,1
KH023929,D,0.5757,1
KH022807,D,0.5688,1
KH021848,D,0.9676,1
KH022333,D,0.9545,1
KH022544,D,0.9911,1
KH024034,D,0.5175,1
KH024040,D,0.391,1
KH021536,D,0.4172,1
KH020437,D,0.462,1
KH022029,D,0.9883,1
KH021896,D,0.9854,1
KH023469,D,0.4153,1
KH024632,D,0.9908,1
KH023055,D,0.9926,1
KH022946,D,0.7643,1
KH024191,D,0.4724,1
KH022717,D,0.7039,1
KH022792,D,0.647,1
KH021228,D,0.887,1
KH020951,D,0.6756,1
KH024225,D,0.3875,1
KH023916,D,0.1332,0
KH024494,D,0.5175,1
KH024798,D,0.2103,0
KH020832,D,0.9723,1
KH023324,D,0.9189,1
KH023599,D,0.4213,1
KH021467,D,0.4379,1
KH020412,D,0.9896,1
KH022978,D,0.2045,0
KH021446,D,0.3296,1
KH023761,D,0.9941,1
KH021890,D,0.6078,1
KH020256,D,0.3155,1
KH024424,D,0.9393,1
KH020903,D,0.9813,1
KH020650,D,0.9945,1
KH024008,D,0.9148,1
KH023274,D,0.9883,1
KH022534,D,0.3652,1
KH022559,D,0.4303,1
KH022176,D,0.7172,1
KH021023,D,0.5912,1
KH022861,D,0.8893,1
