customer_id,label_window_start,label_window_end,converted
KH010000,2024-01-01,2024-03-31,0
KH010001,2024-01-01,2024-03-31,1
KH010002,2024-01-01,2024-03-31,1
KH010003,2024-01-01,2024-03-31,1
KH010004,2024-01-01,2024-03-31,1
KH010005,2024-01-01,2024-03-31,0
KH010006,2024-01-01,2024-03-31,1
KH010007,2024-01-01,2024-03-31,0
KH010008,2024-01-01,2024-03-31,1
KH010009,2024-01-01,2024-03-31,1
KH010010,2024-01-01,2024-03-31,1
KH010011,2024-01-01,2024-03-31,1
KH010012,2024-01-01,2024-03-31,1
KH010013,2024-01-01,2024-03-31,1
KH010014,2024-01-01,2024-03-31,1
KH010015,2024-01-01,2024-03-31,0
KH010016,2024-01-01,2024-03-31,1
KH010017,2024-01-01,2024-03-31,1
KH010018,2024-01-01,2024-03-31,1
KH010019,2024-01-01,2024-03-31,1
KH010020,2024-01-01,2024-03-31,0
KH010021,2024-01-01,2024-03-31,1
KH010022,2024-01-01,2024-03-31,1
KH010023,2024-01-01,2024-03-31,1
KH010024,2024-01-01,2024-03-31,0
KH010025,2024-01-01,2024-03-31,1
KH010026,2024-01-01,2024-03-31,1
KH010027,2024-01-01,2024-03-31,1
KH010028,2024-01-01,2024-03-31,1
KH010029,2024-01-01,2024-03-31,0
KH010030,2024-01-01,2024-03-31,1
KH010031,2024-01-01,2024-03-31,1
KH010032,2024-01-01,2024-03-31,1
KH010033,2024-01-01,2024-03-31,0
KH010034,2024-01-01,2024-03-31,0
KH010035,2024-01-01,2024-03-31,1
KH010036,2024-01-01,2024-03-31,1
KH010037,2024-01-01,2024-03-31,0
KH010038,2024-01-01,2024-03-31,1
KH010039,2024-01-01,2024-03-31,1
KH010040,2024-01-01,2024-03-31,1
KH010041,2024-01-01,2024-03-31,1
KH010042,2024-01-01,2024-03-31,1
KH010043,2024-01-01,2024-03-31,1
KH010044,2024-01-01,2024-03-31,1
KH010045,2024-01-01,2024-03-31,1
KH010046,2024-01-01,2024-03-31,1
KH010047,2024-01-01,2024-03-31,0
KH010048,2024-01-01,2024-03-31,1
KH010049,2024-01-01,2024-03-31,1
KH010050,2024-01-01,2024-03-31,1
KH010051,2024-01-01,2024-03-31,1
KH010052,2024-01-01,2024-03-31,1
KH010053,2024-01-01,2024-03-31,1
KH010054,2024-01-01,2024-03-31,1
KH010055,2024-01-01,2024-03-31,1
KH010056,2024-01-01,2024-03-31,1
KH010057,2024-01-01,2024-03-31,1
KH010058,2024-01-01,2024-03-31,1
KH010059,2024-01-01,2024-03-31,1
KH010060,2024-01-01,2024-03-31,0
KH010061,2024-01-01,2024-03-31,1
KH010062,2024-01-01,2024-03-31,1
KH010063,2024-01-01,2024-03-31,1
KH010064,2024-01-01,2024-03-31,1
KH010065,2024-01-01,2024-03-31,1
KH010066,2024-01-01,2024-03-31,1
KH010067,2024-01-01,2024-03-31,1
KH010068,2024-01-01,2024-03-31,0
KH010069,2024-01-01,2024-03-31,1
KH010070,2024-01-01,2024-03-31,1
KH010071,2024-01-01,2024-03-31,1
KH010072,2024-01-01,2024-03-31,0
KH010073,2024-01-01,2024-03-31,1
KH010074,2024-01-01,2024-03-31,0
KH010075,2024-01-01,2024-03-31,1
KH010076,2024-01-01,2024-03-31,1
KH010077,2024-01-01,2024-03-31,1
KH010078,2024-01-01,2024-03-31,0
KH010079,2024-01-01,2024-03-31,1
KH010080,2024-01-01,2024-03-31,1
KH010081,2024-01-01,2024-03-31,1
KH010082,2024-01-01,2024-03-31,1
KH010083,2024-01-01,2024-03-31,1
KH010084,2024-01-01,2024-03-31,1
KH010085,2024-01-01,2024-03-31,1
KH010086,2024-01-01,2024-03-31,1
KH010087,2024-01-01,2024-03-31,0
KH010088,2024-01-01,2024-03-31,1
KH010089,2024-01-01,2024-03-31,1
KH010090,2024-01-01,2024-03-31,1
KH010091,2024-01-01,2024-03-31,1
KH010092,2024-01-01,2024-03-31,1
KH010093,2024-01-01,2024-03-31,1
KH010094,2024-01-01,2024-03-31,0
KH010095,2024-01-01,2024-03-31,0
KH010096,2024-01-01,2024-03-31,1
KH010097,2024-01-01,2024-03-31,1
KH010098,2024-01-01,2024-03-31,1
KH010099,2024-01-01,2024-03-31,1
KH010100,2024-01-01,2024-03-31,0
KH010101,2024-01-01,2024-03-31,0
KH010102,2024-01-01,2024-03-31,1
KH010103,2024-01-01,2024-03-31,1
KH010104,2024-01-01,2024-03-31,1
KH010105,2024-01-01,2024-03-31,1
KH010106,2024-01-01,2024-03-31,0
KH010107,2024-01-01,2024-03-31,1
KH010108,2024-01-01,2024-03-31,1
KH010109,2024-01-01,2024-03-31,0
KH010110,2024-01-01,2024-03-31,1
KH010111,2024-01-01,2024-03-31,0
KH010112,2024-01-01,2024-03-31,1
KH010113,2024-01-01,2024-03-31,1
KH010114,2024-01-01,2024-03-31,0
KH010115,2024-01-01,2024-03-31,1
KH010116,2024-01-01,2024-03-31,0
KH010117,2024-01-01,2024-03-31,1
KH010118,2024-01-01,2024-03-31,1
KH010119,2024-01-01,2024-03-31,1
KH010120,2024-01-01,2024-03-31,0
KH010121,2024-01-01,2024-03-31,0
KH010122,2024-01-01,2024-03-31,0
KH010123,2024-01-01,2024-03-31,1
KH010124,2024-01-01,2024-03-31,0
KH010125,2024-01-01,2024-03-31,1
KH010126,2024-01-01,2024-03-31,1
KH010127,2024-01-01,2024-03-31,0
KH010128,2024-01-01,2024-03-31,1
KH010129,2024-01-01,2024-03-31,1
KH010130,2024-01-01,2024-03-31,1
KH010131,2024-01-01,2024-03-31,0
KH010132,2024-01-01,2024-03-31,1
KH010133,2024-01-01,2024-03-31,1
KH010134,2024-01-01,2024-03-31,1
KH010135,2024-01-01,2024-03-31,1
KH010136,2024-01-01,2024-03-31,1
KH010137,2024-01-01,2024-03-31,0
KH010138,2024-01-01,2024-03-31,0
KH010139,2024-01-01,2024-03-31,0
KH010140,2024-01-01,2024-03-31,0
KH010141,2024-01-01,2024-03-31,0
KH010142,2024-01-01,2024-03-31,1
KH010143,2024-01-01,2024-03-31,0
KH010144,2024-01-01,2024-03-31,1
KH010145,2024-01-01,2024-03-31,1
KH010146,2024-01-01,2024-03-31,1
KH010147,2024-01-01,2024-03-31,1
KH010148,2024-01-01,2024-03-31,0
KH010149,2024-01-01,2024-03-31,0
KH010150,2024-01-01,2024-03-31,1
KH010151,2024-01-01,2024-03-31,0
KH010152,2024-01-01,2024-03-31,1
KH010153,2024-01-01,2024-03-31,1
KH010154,2024-01-01,2024-03-31,1
KH010155,2024-01-01,2024-03-31,1
KH010156,2024-01-01,2024-03-31,1
KH010157,2024-01-01,2024-03-31,1
KH010158,2024-01-01,2024-03-31,0
KH010159,2024-01-01,2024-03-31,1
KH010160,2024-01-01,2024-03-31,0
KH010161,2024-01-01,2024-03-31,0
KH010162,2024-01-01,2024-03-31,1
KH010163,2024-01-01,2024-03-31,0
KH010164,2024-01-01,2024-03-31,1
KH010165,2024-01-01,2024-03-31,1
KH010166,2024-01-01,2024-03-31,1
KH010167,2024-01-01,2024-03-31,0
KH010168,2024-01-01,2024-03-31,1
KH010169,2024-01-01,2024-03-31,0
KH010170,2024-01-01,2024-03-31,0
KH010171,2024-01-01,2024-03-31,0
KH010172,2024-01-01,2024-03-31,0
KH010173,2024-01-01,2024-03-31,1
KH010174,2024-01-01,2024-03-31,1
KH010175,2024-01-01,2024-03-31,0
KH010176,2024-01-01,2024-03-31,1
KH010177,2024-01-01,2024-03-31,0
KH010178,2024-01-01,2024-03-31,0
KH010179,2024-01-01,2024-03-31,1
KH010180,2024-01-01,2024-03-31,0
KH010181,2024-01-01,2024-03-31,1
KH010182,2024-01-01,2024-03-31,1
KH010183,2024-01-01,2024-03-31,0
KH010184,2024-01-01,2024-03-31,1
KH010185,2024-01-01,2024-03-31,1
KH010186,2024-01-01,2024-03-31,1
KH010187,2024-01-01,2024-03-31,0
KH010188,2024-01-01,2024-03-31,1
KH010189,2024-01-01,2024-03-31,0
KH010190,2024-01-01,2024-03-31,1
KH010191,2024-01-01,2024-03-31,0
KH010192,2024-01-01,2024-03-31,1
KH010193,2024-01-01,2024-03-31,1
KH010194,2024-01-01,2024-03-31,0
KH010195,2024-01-01,2024-03-31,0
KH010196,2024-01-01,2024-03-31,0
KH010197,2024-01-01,2024-03-31,0
KH010198,2024-01-01,2024-03-31,0
KH010199,2024-01-01,2024-03-31,0
KH010200,2024-01-01,2024-03-31,0
KH010201,2024-01-01,2024-03-31,1
KH010202,2024-01-01,2024-03-31,0
KH010203,2024-01-01,2024-03-31,1
KH010204,2024-01-01,2024-03-31,1
KH010205,2024-01-01,2024-03-31,0
KH010206,2024-01-01,2024-03-31,1
KH010207,2024-01-01,2024-03-31,0
KH010208,2024-01-01,2024-03-31,1
KH010209,2024-01-01,2024-03-31,1
KH010210,2024-01-01,2024-03-31,1
KH010211,2024-01-01,2024-03-31,0
KH010212,2024-01-01,2024-03-31,1
KH010213,2024-01-01,2024-03-31,0
KH010214,2024-01-01,2024-03-31,1
KH010215,2024-01-01,2024-03-31,1
KH010216,2024-01-01,2024-03-31,1
KH010217,2024-01-01,2024-03-31,0
KH010218,2024-01-01,2024-03-31,0
KH010219,2024-01-01,2024-03-31,1
KH010220,2024-01-01,2024-03-31,1
KH010221,2024-01-01,2024-03-31,1
KH010222,2024-01-01,2024-03-31,1
KH010223,2024-01-01,2024-03-31,1
KH010224,2024-01-01,2024-03-31,0
KH010225,2024-01-01,2024-03-31,1
KH010226,2024-01-01,2024-03-31,1
KH010227,2024-01-01,2024-03-31,1
KH010228,2024-01-01,2024-03-31,1
KH010229,2024-01-01,2024-03-31,1
KH010230,2024-01-01,2024-03-31,1
KH010231,2024-01-01,2024-03-31,1
KH010232,2024-01-01,2024-03-31,1
KH010233,2024-01-01,2024-03-31,1
KH010234,2024-01-01,2024-03-31,0
KH010235,2024-01-01,2024-03-31,1
KH010236,2024-01-01,2024-03-31,1
KH010237,2024-01-01,2024-03-31,0
KH010238,2024-01-01,2024-03-31,1
KH010239,2024-01-01,2024-03-31,1
KH010240,2024-01-01,2024-03-31,0
KH010241,2024-01-01,2024-03-31,0
KH010242,2024-01-01,2024-03-31,1
KH010243,2024-01-01,2024-03-31,0
KH010244,2024-01-01,2024-03-31,0
KH010245,2024-01-01,2024-03-31,1
KH010246,2024-01-01,2024-03-31,0
KH010247,2024-01-01,2024-03-31,1
KH010248,2024-01-01,2024-03-31,1
KH010249,2024-01-01,2024-03-31,0
KH010250,2024-01-01,2024-03-31,1
KH010251,2024-01-01,2024-03-31,1
KH010252,2024-01-01,2024-03-31,1
KH010253,2024-01-01,2024-03-31,0
KH010254,2024-01-01,2024-03-31,0
KH010255,2024-01-01,2024-03-31,0
KH010256,2024-01-01,2024-03-31,1
KH010257,2024-01-01,2024-03-31,1
KH010258,2024-01-01,2024-03-31,0
KH010259,2024-01-01,2024-03-31,1
KH010260,2024-01-01,2024-03-31,1
KH010261,2024-01-01,2024-03-31,1
KH010262,2024-01-01,2024-03-31,1
KH010263,2024-01-01,2024-03-31,1
KH010264,2024-01-01,2024-03-31,0
KH010265,2024-01-01,2024-03-31,1
KH010266,2024-01-01,2024-03-31,0
KH010267,2024-01-01,2024-03-31,1
KH010268,2024-01-01,2024-03-31,0
KH010269,2024-01-01,2024-03-31,1
KH010270,2024-01-01,2024-03-31,0
KH010271,2024-01-01,2024-03-31,1
KH010272,2024-01-01,2024-03-31,0
KH010273,2024-01-01,2024-03-31,0
KH010274,2024-01-01,2024-03-31,1
KH010275,2024-01-01,2024-03-31,1
KH010276,2024-01-01,2024-03-31,1
KH010277,2024-01-01,2024-03-31,1
KH010278,2024-01-01,2024-03-31,1
KH010279,2024-01-01,2024-03-31,1
KH010280,2024-01-01,2024-03-31,0
KH010281,2024-01-01,2024-03-31,1
KH010282,2024-01-01,2024-03-31,1
KH010283,2024-01-01,2024-03-31,1
KH010284,2024-01-01,2024-03-31,1
KH010285,2024-01-01,2024-03-31,1
KH010286,2024-01-01,2024-03-31,0
KH010287,2024-01-01,2024-03-31,1
KH010288,2024-01-01,2024-03-31,0
KH010289,2024-01-01,2024-03-31,1
KH010290,2024-01-01,2024-03-31,1
KH010291,2024-01-01,2024-03-31,1
KH010292,2024-01-01,2024-03-31,1
KH010293,2024-01-01,2024-03-31,1
KH010294,2024-01-01,2024-03-31,1
KH010295,2024-01-01,2024-03-31,0
KH010296,2024-01-01,2024-03-31,0
KH010297,2024-01-01,2024-03-31,1
KH010298,2024-01-01,2024-03-31,1
KH010299,2024-01-01,2024-03-31,1
KH010300,2024-01-01,2024-03-31,1
KH010301,2024-01-01,2024-03-31,1
KH010302,2024-01-01,2024-03-31,1
KH010303,2024-01-01,2024-03-31,1
KH010304,2024-01-01,2024-03-31,0
KH010305,2024-01-01,2024-03-31,1
KH010306,2024-01-01,2024-03-31,0
KH010307,2024-01-01,2024-03-31,1
KH010308,2024-01-01,2024-03-31,1
KH010309,2024-01-01,2024-03-31,1
KH010310,2024-01-01,2024-03-31,1
KH010311,2024-01-01,2024-03-31,1
KH010312,2024-01-01,2024-03-31,1
KH010313,2024-01-01,2024-03-31,0
KH010314,2024-01-01,2024-03-31,1
KH010315,2024-01-01,2024-03-31,0
KH010316,2024-01-01,2024-03-31,0
KH010317,2024-01-01,2024-03-31,1
KH010318,2024-01-01,2024-03-31,1
KH010319,2024-01-01,2024-03-31,1
KH010320,2024-01-01,2024-03-31,1
KH010321,2024-01-01,2024-03-31,1
KH010322,2024-01-01,2024-03-31,0
KH010323,2024-01-01,2024-03-31,0
KH010324,2024-01-01,2024-03-31,1
KH010325,2024-01-01,2024-03-31,1
KH010326,2024-01-01,2024-03-31,1
KH010327,2024-01-01,2024-03-31,1
KH010328,2024-01-01,2024-03-31,1
KH010329,2024-01-01,2024-03-31,0
KH010330,2024-01-01,2024-03-31,1
KH010331,2024-01-01,2024-03-31,1
KH010332,2024-01-01,2024-03-31,0
KH010333,2024-01-01,2024-03-31,0
KH010334,2024-01-01,2024-03-31,1
KH010335,2024-01-01,2024-03-31,1
KH010336,2024-01-01,2024-03-31,0
KH010337,2024-01-01,2024-03-31,0
KH010338,2024-01-01,2024-03-31,1
KH010339,2024-01-01,2024-03-31,1
KH010340,2024-01-01,2024-03-31,1
KH010341,2024-01-01,2024-03-31,0
KH010342,2024-01-01,2024-03-31,1
KH010343,2024-01-01,2024-03-31,1
KH010344,2024-01-01,2024-03-31,0
KH010345,2024-01-01,2024-03-31,1
KH010346,2024-01-01,2024-03-31,1
KH010347,2024-01-01,2024-03-31,1
KH010348,2024-01-01,2024-03-31,1
KH010349,2024-01-01,2024-03-31,1
KH010350,2024-01-01,2024-03-31,0
KH010351,2024-01-01,2024-03-31,0
KH010352,2024-01-01,2024-03-31,0
KH010353,2024-01-01,2024-03-31,1
KH010354,2024-01-01,2024-03-31,0
KH010355,2024-01-01,2024-03-31,1
KH010356,2024-01-01,2024-03-31,1
KH010357,2024-01-01,2024-03-31,1
KH010358,2024-01-01,2024-03-31,1
KH010359,2024-01-01,2024-03-31,1
KH010360,2024-01-01,2024-03-31,1
KH010361,2024-01-01,2024-03-31,1
KH010362,2024-01-01,2024-03-31,1
KH010363,2024-01-01,2024-03-31,1
KH010364,2024-01-01,2024-03-31,0
KH010365,2024-01-01,2024-03-31,1
KH010366,2024-01-01,2024-03-31,1
KH010367,2024-01-01,2024-03-31,0
KH010368,2024-01-01,2024-03-31,1
KH010369,2024-01-01,2024-03-31,1
KH010370,2024-01-01,2024-03-31,0
KH010371,2024-01-01,2024-03-31,1
KH010372,2024-01-01,2024-03-31,1
KH010373,2024-01-01,2024-03-31,1
KH010374,2024-01-01,2024-03-31,1
KH010375,2024-01-01,2024-03-31,1
KH010376,2024-01-01,2024-03-31,1
KH010377,2024-01-01,2024-03-31,0
KH010378,2024-01-01,2024-03-31,1
KH010379,2024-01-01,2024-03-31,1
KH010380,2024-01-01,2024-03-31,1
KH010381,2024-01-01,2024-03-31,0
KH010382,2024-01-01,2024-03-31,1
KH010383,2024-01-01,2024-03-31,1
KH010384,2024-01-01,2024-03-31,1
KH010385,2024-01-01,2024-03-31,0
KH010386,2024-01-01,2024-03-31,1
KH010387,2024-01-01,2024-03-31,1
KH010388,2024-01-01,2024-03-31,1
KH010389,2024-01-01,2024-03-31,1
KH010390,2024-01-01,2024-03-31,1
KH010391,2024-01-01,2024-03-31,0
KH010392,2024-01-01,2024-03-31,1
KH010393,2024-01-01,2024-03-31,1
KH010394,2024-01-01,2024-03-31,0
KH010395,2024-01-01,2024-03-31,1
KH010396,2024-01-01,2024-03-31,1
KH010397,2024-01-01,2024-03-31,0
KH010398,2024-01-01,2024-03-31,0
KH010399,2024-01-01,2024-03-31,1
KH010400,2024-01-01,2024-03-31,1
KH010401,2024-01-01,2024-03-31,1
KH010402,2024-01-01,2024-03-31,1
KH010403,2024-01-01,2024-03-31,1
KH010404,2024-01-01,2024-03-31,1
KH010405,2024-01-01,2024-03-31,1
KH010406,2024-01-01,2024-03-31,1
KH010407,2024-01-01,2024-03-31,1
KH010408,2024-01-01,2024-03-31,1
KH010409,2024-01-01,2024-03-31,1
KH010410,2024-01-01,2024-03-31,0
KH010411,2024-01-01,2024-03-31,1
KH010412,2024-01-01,2024-03-31,0
KH010413,2024-01-01,2024-03-31,0
KH010414,2024-01-01,2024-03-31,1
KH010415,2024-01-01,2024-03-31,1
KH010416,2024-01-01,2024-03-31,0
KH010417,2024-01-01,2024-03-31,1
KH010418,2024-01-01,2024-03-31,1
KH010419,2024-01-01,2024-03-31,1
KH010420,2024-01-01,2024-03-31,1
KH010421,2024-01-01,2024-03-31,0
KH010422,2024-01-01,2024-03-31,0
KH010423,2024-01-01,2024-03-31,0
KH010424,2024-01-01,2024-03-31,1
KH010425,2024-01-01,2024-03-31,1
KH010426,2024-01-01,2024-03-31,1
KH010427,2024-01-01,2024-03-31,1
KH010428,2024-01-01,2024-03-31,1
KH010429,2024-01-01,2024-03-31,1
KH010430,2024-01-01,2024-03-31,1
KH010431,2024-01-01,2024-03-31,1
KH010432,2024-01-01,2024-03-31,1
KH010433,2024-01-01,2024-03-31,1
KH010434,2024-01-01,2024-03-31,0
KH010435,2024-01-01,2024-03-31,1
KH010436,2024-01-01,2024-03-31,1
KH010437,2024-01-01,2024-03-31,0
KH010438,2024-01-01,2024-03-31,1
KH010439,2024-01-01,2024-03-31,1
KH010440,2024-01-01,2024-03-31,1
KH010441,2024-01-01,2024-03-31,1
KH010442,2024-01-01,2024-03-31,1
KH010443,2024-01-01,2024-03-31,0
KH010444,2024-01-01,2024-03-31,1
KH010445,2024-01-01,2024-03-31,0
KH010446,2024-01-01,2024-03-31,1
KH010447,2024-01-01,2024-03-31,1
KH010448,2024-01-01,2024-03-31,1
KH010449,2024-01-01,2024-03-31,1
KH010450,2024-01-01,2024-03-31,0
KH010451,2024-01-01,2024-03-31,1
KH010452,2024-01-01,2024-03-31,0
KH010453,2024-01-01,2024-03-31,0
KH010454,2024-01-01,2024-03-31,1
KH010455,2024-01-01,2024-03-31,1
KH010456,2024-01-01,2024-03-31,0
KH010457,2024-01-01,2024-03-31,1
KH010458,2024-01-01,2024-03-31,0
KH010459,2024-01-01,2024-03-31,1
KH010460,2024-01-01,2024-03-31,1
KH010461,2024-01-01,2024-03-31,1
KH010462,2024-01-01,2024-03-31,1
KH010463,2024-01-01,2024-03-31,0
KH010464,2024-01-01,2024-03-31,1
KH010465,2024-01-01,2024-03-31,1
KH010466,2024-01-01,2024-03-31,1
KH010467,2024-01-01,2024-03-31,1
KH010468,2024-01-01,2024-03-31,1
KH010469,2024-01-01,2024-03-31,1
KH010470,2024-01-01,2024-03-31,0
KH010471,2024-01-01,2024-03-31,1
KH010472,2024-01-01,2024-03-31,1
KH010473,2024-01-01,2024-03-31,0
KH010474,2024-01-01,2024-03-31,1
KH010475,2024-01-01,2024-03-31,1
KH010476,2024-01-01,2024-03-31,1
KH010477,2024-01-01,2024-03-31,0
KH010478,2024-01-01,2024-03-31,1
KH010479,2024-01-01,2024-03-31,0
KH010480,2024-01-01,2024-03-31,0
KH010481,2024-01-01,2024-03-31,0
KH010482,2024-01-01,2024-03-31,0
KH010483,2024-01-01,2024-03-31,1
KH010484,2024-01-01,2024-03-31,1
KH010485,2024-01-01,2024-03-31,1
KH010486,2024-01-01,2024-03-31,1
KH010487,2024-01-01,2024-03-31,1
KH010488,2024-01-01,2024-03-31,1
KH010489,2024-01-01,2024-03-31,1
KH010490,2024-01-01,2024-03-31,1
KH010491,2024-01-01,2024-03-31,0
KH010492,2024-01-01,2024-03-31,0
KH010493,2024-01-01,2024-03-31,0
KH010494,2024-01-01,2024-03-31,0
KH010495,2024-01-01,2024-03-31,0
KH010496,2024-01-01,2024-03-31,1
KH010497,2024-01-01,2024-03-31,1
KH010498,2024-01-01,2024-03-31,1
KH010499,2024-01-01,2024-03-31,1
KH010500,2024-01-01,2024-03-31,1
KH010501,2024-01-01,2024-03-31,0
KH010502,2024-01-01,2024-03-31,1
KH010503,2024-01-01,2024-03-31,1
KH010504,2024-01-01,2024-03-31,1
KH010505,2024-01-01,2024-03-31,0
KH010506,2024-01-01,2024-03-31,0
KH010507,2024-01-01,2024-03-31,0
KH010508,2024-01-01,2024-03-31,0
KH010509,2024-01-01,2024-03-31,1
KH010510,2024-01-01,2024-03-31,0
KH010511,2024-01-01,2024-03-31,1
KH010512,2024-01-01,2024-03-31,1
KH010513,2024-01-01,2024-03-31,1
KH010514,2024-01-01,2024-03-31,0
KH010515,2024-01-01,2024-03-31,1
KH010516,2024-01-01,2024-03-31,1
KH010517,2024-01-01,2024-03-31,0
KH010518,2024-01-01,2024-03-31,0
KH010519,2024-01-01,2024-03-31,0
KH010520,2024-01-01,2024-03-31,1
KH010521,2024-01-01,2024-03-31,1
KH010522,2024-01-01,2024-03-31,1
KH010523,2024-01-01,2024-03-31,0
KH010524,2024-01-01,2024-03-31,0
KH010525,2024-01-01,2024-03-31,1
KH010526,2024-01-01,2024-03-31,0
KH010527,2024-01-01,2024-03-31,1
KH010528,2024-01-01,2024-03-31,1
KH010529,2024-01-01,2024-03-31,1
KH010530,2024-01-01,2024-03-31,0
KH010531,2024-01-01,2024-03-31,1
KH010532,2024-01-01,2024-03-31,1
KH010533,2024-01-01,2024-03-31,1
KH010534,2024-01-01,2024-03-31,0
KH010535,2024-01-01,2024-03-31,0
KH010536,2024-01-01,2024-03-31,1
KH010537,2024-01-01,2024-03-31,1
KH010538,2024-01-01,2024-03-31,1
KH010539,2024-01-01,2024-03-31,1
KH010540,2024-01-01,2024-03-31,1
KH010541,2024-01-01,2024-03-31,0
KH010542,2024-01-01,2024-03-31,1
KH010543,2024-01-01,2024-03-31,0
KH010544,2024-01-01,2024-03-31,0
KH010545,2024-01-01,2024-03-31,1
KH010546,2024-01-01,2024-03-31,0
KH010547,2024-01-01,2024-03-31,0
KH010548,2024-01-01,2024-03-31,0
KH010549,2024-01-01,2024-03-31,1
KH010550,2024-01-01,2024-03-31,1
KH010551,2024-01-01,2024-03-31,0
KH010552,2024-01-01,2024-03-31,0
KH010553,2024-01-01,2024-03-31,1
KH010554,2024-01-01,2024-03-31,1
KH010555,2024-01-01,2024-03-31,1
KH010556,2024-01-01,2024-03-31,1
KH010557,2024-01-01,2024-03-31,0
KH010558,2024-01-01,2024-03-31,0
KH010559,2024-01-01,2024-03-31,1
KH010560,2024-01-01,2024-03-31,1
KH010561,2024-01-01,2024-03-31,1
KH010562,2024-01-01,2024-03-31,0
KH010563,2024-01-01,2024-03-31,1
KH010564,2024-01-01,2024-03-31,1
KH010565,2024-01-01,2024-03-31,1
KH010566,2024-01-01,2024-03-31,1
KH010567,2024-01-01,2024-03-31,1
KH010568,2024-01-01,2024-03-31,1
KH010569,2024-01-01,2024-03-31,1
KH010570,2024-01-01,2024-03-31,1
KH010571,2024-01-01,2024-03-31,1
KH010572,2024-01-01,2024-03-31,0
KH010573,2024-01-01,2024-03-31,1
KH010574,2024-01-01,2024-03-31,1
KH010575,2024-01-01,2024-03-31,0
KH010576,2024-01-01,2024-03-31,1
KH010577,2024-01-01,2024-03-31,1
KH010578,2024-01-01,2024-03-31,1
KH010579,2024-01-01,2024-03-31,1
KH010580,2024-01-01,2024-03-31,1
KH010581,2024-01-01,2024-03-31,1
KH010582,2024-01-01,2024-03-31,1
KH010583,2024-01-01,2024-03-31,1
KH010584,2024-01-01,2024-03-31,0
KH010585,2024-01-01,2024-03-31,1
KH010586,2024-01-01,2024-03-31,1
KH010587,2024-01-01,2024-03-31,1
KH010588,2024-01-01,2024-03-31,0
KH010589,2024-01-01,2024-03-31,1
KH010590,2024-01-01,2024-03-31,1
KH010591,2024-01-01,2024-03-31,1
KH010592,2024-01-01,2024-03-31,1
KH010593,2024-01-01,2024-03-31,1
KH010594,2024-01-01,2024-03-31,1
KH010595,2024-01-01,2024-03-31,1
KH010596,2024-01-01,2024-03-31,1
KH010597,2024-01-01,2024-03-31,1
KH010598,2024-01-01,2024-03-31,1
KH010599,2024-01-01,2024-03-31,1
KH010600,2024-01-01,2024-03-31,1
KH010601,2024-01-01,2024-03-31,1
KH010602,2024-01-01,2024-03-31,1
KH010603,2024-01-01,2024-03-31,0
KH010604,2024-01-01,2024-03-31,0
KH010605,2024-01-01,2024-03-31,1
KH010606,2024-01-01,2024-03-31,1
KH010607,2024-01-01,2024-03-31,1
KH010608,2024-01-01,2024-03-31,1
KH010609,2024-01-01,2024-03-31,1
KH010610,2024-01-01,2024-03-31,1
KH010611,2024-01-01,2024-03-31,1
KH010612,2024-01-01,2024-03-31,1
KH010613,2024-01-01,2024-03-31,1
KH010614,2024-01-01,2024-03-31,1
KH010615,2024-01-01,2024-03-31,1
KH010616,2024-01-01,2024-03-31,1
KH010617,2024-01-01,2024-03-31,0
KH010618,2024-01-01,2024-03-31,1
KH010619,2024-01-01,2024-03-31,1
KH010620,2024-01-01,2024-03-31,1
KH010621,2024-01-01,2024-03-31,1
KH010622,2024-01-01,2024-03-31,1
KH010623,2024-01-01,2024-03-31,1
KH010624,2024-01-01,2024-03-31,1
KH010625,2024-01-01,2024-03-31,0
KH010626,2024-01-01,2024-03-31,1
KH010627,2024-01-01,2024-03-31,1
KH010628,2024-01-01,2024-03-31,1
KH010629,2024-01-01,2024-03-31,1
KH010630,2024-01-01,2024-03-31,1
KH010631,2024-01-01,2024-03-31,1
KH010632,2024-01-01,2024-03-31,0
KH010633,2024-01-01,2024-03-31,1
KH010634,2024-01-01,2024-03-31,1
KH010635,2024-01-01,2024-03-31,1
KH010636,2024-01-01,2024-03-31,1
KH010637,2024-01-01,2024-03-31,1
KH010638,2024-01-01,2024-03-31,1
KH010639,2024-01-01,2024-03-31,1
KH010640,2024-01-01,2024-03-31,1
KH010641,2024-01-01,2024-03-31,0
KH010642,2024-01-01,2024-03-31,1
KH010643,2024-01-01,2024-03-31,1
KH010644,2024-01-01,2024-03-31,1
KH010645,2024-01-01,2024-03-31,1
KH010646,2024-01-01,2024-03-31,1
KH010647,2024-01-01,2024-03-31,1
KH010648,2024-01-01,2024-03-31,1
KH010649,2024-01-01,2024-03-31,1
KH010650,2024-01-01,2024-03-31,1
KH010651,2024-01-01,2024-03-31,0
KH010652,2024-01-01,2024-03-31,0
KH010653,2024-01-01,2024-03-31,1
KH010654,2024-01-01,2024-03-31,1
KH010655,2024-01-01,2024-03-31,1
KH010656,2024-01-01,2024-03-31,1
KH010657,2024-01-01,2024-03-31,0
KH010658,2024-01-01,2024-03-31,1
KH010659,2024-01-01,2024-03-31,1
KH010660,2024-01-01,2024-03-31,1
KH010661,2024-01-01,2024-03-31,1
KH010662,2024-01-01,2024-03-31,0
KH010663,2024-01-01,2024-03-31,1
KH010664,2024-01-01,2024-03-31,0
KH010665,2024-01-01,2024-03-31,1
KH010666,2024-01-01,2024-03-31,1
KH010667,2024-01-01,2024-03-31,1
KH010668,2024-01-01,2024-03-31,1
KH010669,2024-01-01,2024-03-31,0
KH010670,2024-01-01,2024-03-31,1
KH010671,2024-01-01,2024-03-31,1
KH010672,2024-01-01,2024-03-31,1
KH010673,2024-01-01,2024-03-31,1
KH010674,2024-01-01,2024-03-31,1
KH010675,2024-01-01,2024-03-31,1
KH010676,2024-01-01,2024-03-31,1
KH010677,2024-01-01,2024-03-31,1
KH010678,2024-01-01,2024-03-31,1
KH010679,2024-01-01,2024-03-31,1
KH010680,2024-01-01,2024-03-31,0
KH010681,2024-01-01,2024-03-31,0
KH010682,2024-01-01,2024-03-31,1
KH010683,2024-01-01,2024-03-31,0
KH010684,2024-01-01,2024-03-31,1
KH010685,2024-01-01,2024-03-31,1
KH010686,2024-01-01,2024-03-31,1
KH010687,2024-01-01,2024-03-31,1
KH010688,2024-01-01,2024-03-31,1
KH010689,2024-01-01,2024-03-31,1
KH010690,2024-01-01,2024-03-31,0
KH010691,2024-01-01,2024-03-31,0
KH010692,2024-01-01,2024-03-31,1
KH010693,2024-01-01,2024-03-31,1
KH010694,2024-01-01,2024-03-31,0
KH010695,2024-01-01,2024-03-31,1
KH010696,2024-01-01,2024-03-31,1
KH010697,2024-01-01,2024-03-31,1
KH010698,2024-01-01,2024-03-31,1
KH010699,2024-01-01,2024-03-31,1
KH010700,2024-01-01,2024-03-31,0
KH010701,2024-01-01,2024-03-31,0
KH010702,2024-01-01,2024-03-31,0
KH010703,2024-01-01,2024-03-31,1
KH010704,2024-01-01,2024-03-31,1
KH010705,2024-01-01,2024-03-31,1
KH010706,2024-01-01,2024-03-31,1
KH010707,2024-01-01,2024-03-31,1
KH010708,2024-01-01,2024-03-31,1
KH010709,2024-01-01,2024-03-31,1
KH010710,2024-01-01,2024-03-31,0
KH010711,2024-01-01,2024-03-31,0
KH010712,2024-01-01,2024-03-31,1
KH010713,2024-01-01,2024-03-31,1
KH010714,2024-01-01,2024-03-31,1
KH010715,2024-01-01,2024-03-31,1
KH010716,2024-01-01,2024-03-31,0
KH010717,2024-01-01,2024-03-31,1
KH010718,2024-01-01,2024-03-31,1
KH010719,2024-01-01,2024-03-31,1
KH010720,2024-01-01,2024-03-31,1
KH010721,2024-01-01,2024-03-31,0
KH010722,2024-01-01,2024-03-31,0
KH010723,2024-01-01,2024-03-31,0
KH010724,2024-01-01,2024-03-31,0
KH010725,2024-01-01,2024-03-31,0
KH010726,2024-01-01,2024-03-31,0
KH010727,2024-01-01,2024-03-31,1
KH010728,2024-01-01,2024-03-31,0
KH010729,2024-01-01,2024-03-31,0
KH010730,2024-01-01,2024-03-31,1
KH010731,2024-01-01,2024-03-31,0
KH010732,2024-01-01,2024-03-31,0
KH010733,2024-01-01,2024-03-31,0
KH010734,2024-01-01,2024-03-31,1
KH010735,2024-01-01,2024-03-31,0
KH010736,2024-01-01,2024-03-31,1
KH010737,2024-01-01,2024-03-31,1
KH010738,2024-01-01,2024-03-31,0
KH010739,2024-01-01,2024-03-31,1
KH010740,2024-01-01,2024-03-31,1
KH010741,2024-01-01,2024-03-31,0
KH010742,2024-01-01,2024-03-31,1
KH010743,2024-01-01,2024-03-31,0
KH010744,2024-01-01,2024-03-31,0
KH010745,2024-01-01,2024-03-31,1
KH010746,2024-01-01,2024-03-31,1
KH010747,2024-01-01,2024-03-31,0
KH010748,2024-01-01,2024-03-31,0
KH010749,2024-01-01,2024-03-31,1
KH010750,2024-01-01,2024-03-31,1
KH010751,2024-01-01,2024-03-31,0
KH010752,2024-01-01,2024-03-31,1
KH010753,2024-01-01,2024-03-31,1
KH010754,2024-01-01,2024-03-31,1
KH010755,2024-01-01,2024-03-31,0
KH010756,2024-01-01,2024-03-31,1
KH010757,2024-01-01,2024-03-31,1
KH010758,2024-01-01,2024-03-31,1
KH010759,2024-01-01,2024-03-31,0
KH010760,2024-01-01,2024-03-31,1
KH010761,2024-01-01,2024-03-31,1
KH010762,2024-01-01,2024-03-31,1
KH010763,2024-01-01,2024-03-31,1
KH010764,2024-01-01,2024-03-31,0
KH010765,2024-01-01,2024-03-31,1
KH010766,2024-01-01,2024-03-31,1
KH010767,2024-01-01,2024-03-31,1
KH010768,2024-01-01,2024-03-31,0
KH010769,2024-01-01,2024-03-31,1
KH010770,2024-01-01,2024-03-31,1
KH010771,2024-01-01,2024-03-31,1
KH010772,2024-01-01,2024-03-31,1
KH010773,2024-01-01,2024-03-31,1
KH010774,2024-01-01,2024-03-31,1
KH010775,2024-01-01,2024-03-31,1
KH010776,2024-01-01,2024-03-31,1
KH010777,2024-01-01,2024-03-31,1
KH010778,2024-01-01,2024-03-31,1
KH010779,2024-01-01,2024-03-31,0
KH010780,2024-01-01,2024-03-31,0
KH010781,2024-01-01,2024-03-31,1
KH010782,2024-01-01,2024-03-31,0
KH010783,2024-01-01,2024-03-31,1
KH010784,2024-01-01,2024-03-31,1
KH010785,2024-01-01,2024-03-31,1
KH010786,2024-01-01,2024-03-31,1
KH010787,2024-01-01,2024-03-31,1
KH010788,2024-01-01,2024-03-31,0
KH010789,2024-01-01,2024-03-31,0
KH010790,2024-01-01,2024-03-31,1
KH010791,2024-01-01,2024-03-31,1
KH010792,2024-01-01,2024-03-31,1
KH010793,2024-01-01,2024-03-31,1
KH010794,2024-01-01,2024-03-31,1
KH010795,2024-01-01,2024-03-31,1
KH010796,2024-01-01,2024-03-31,1
KH010797,2024-01-01,2024-03-31,1
KH010798,2024-01-01,2024-03-31,0
KH010799,2024-01-01,2024-03-31,1
KH010800,2024-01-01,2024-03-31,1
KH010801,2024-01-01,2024-03-31,0
KH010802,2024-01-01,2024-03-31,1
KH010803,2024-01-01,2024-03-31,1
KH010804,2024-01-01,2024-03-31,0
KH010805,2024-01-01,2024-03-31,0
KH010806,2024-01-01,2024-03-31,1
KH010807,2024-01-01,2024-03-31,0
KH010808,2024-01-01,2024-03-31,0
KH010809,2024-01-01,2024-03-31,1
KH010810,2024-01-01,2024-03-31,1
KH010811,2024-01-01,2024-03-31,1
KH010812,2024-01-01,2024-03-31,1
KH010813,2024-01-01,2024-03-31,1
KH010814,2024-01-01,2024-03-31,1
KH010815,2024-01-01,2024-03-31,0
KH010816,2024-01-01,2024-03-31,0
KH010817,2024-01-01,2024-03-31,1
KH010818,2024-01-01,2024-03-31,0
KH010819,2024-01-01,2024-03-31,1
KH010820,2024-01-01,2024-03-31,1
KH010821,2024-01-01,2024-03-31,1
KH010822,2024-01-01,2024-03-31,1
KH010823,2024-01-01,2024-03-31,1
KH010824,2024-01-01,2024-03-31,1
KH010825,2024-01-01,2024-03-31,1
KH010826,2024-01-01,2024-03-31,0
KH010827,2024-01-01,2024-03-31,1
KH010828,2024-01-01,2024-03-31,0
KH010829,2024-01-01,2024-03-31,1
KH010830,2024-01-01,2024-03-31,1
KH010831,2024-01-01,2024-03-31,1
KH010832,2024-01-01,2024-03-31,1
KH010833,2024-01-01,2024-03-31,1
KH010834,2024-01-01,2024-03-31,1
KH010835,2024-01-01,2024-03-31,1
KH010836,2024-01-01,2024-03-31,0
KH010837,2024-01-01,2024-03-31,1
KH010838,2024-01-01,2024-03-31,0
KH010839,2024-01-01,2024-03-31,0
KH010840,2024-01-01,2024-03-31,0
KH010841,2024-01-01,2024-03-31,1
KH010842,2024-01-01,2024-03-31,0
KH010843,2024-01-01,2024-03-31,0
KH010844,2024-01-01,2024-03-31,0
KH010845,2024-01-01,2024-03-31,1
KH010846,2024-01-01,2024-03-31,1
KH010847,2024-01-01,2024-03-31,1
KH010848,2024-01-01,2024-03-31,1
KH010849,2024-01-01,2024-03-31,0
KH010850,2024-01-01,2024-03-31,1
KH010851,2024-01-01,2024-03-31,1
KH010852,2024-01-01,2024-03-31,1
KH010853,2024-01-01,2024-03-31,1
KH010854,2024-01-01,2024-03-31,1
KH010855,2024-01-01,2024-03-31,1
KH010856,2024-01-01,2024-03-31,1
KH010857,2024-01-01,2024-03-31,0
KH010858,2024-01-01,2024-03-31,0
KH010859,2024-01-01,2024-03-31,1
KH010860,2024-01-01,2024-03-31,1
KH010861,2024-01-01,2024-03-31,0
KH010862,2024-01-01,2024-03-31,0
KH010863,2024-01-01,2024-03-31,1
KH010864,2024-01-01,2024-03-31,1
KH010865,2024-01-01,2024-03-31,1
KH010866,2024-01-01,2024-03-31,0
KH010867,2024-01-01,2024-03-31,1
KH010868,2024-01-01,2024-03-31,0
KH010869,2024-01-01,2024-03-31,0
KH010870,2024-01-01,2024-03-31,1
KH010871,2024-01-01,2024-03-31,1
KH010872,2024-01-01,2024-03-31,1
KH010873,2024-01-01,2024-03-31,0
KH010874,2024-01-01,2024-03-31,1
KH010875,2024-01-01,2024-03-31,1
KH010876,2024-01-01,2024-03-31,1
KH010877,2024-01-01,2024-03-31,0
KH010878,2024-01-01,2024-03-31,0
KH010879,2024-01-01,2024-03-31,0
KH010880,2024-01-01,2024-03-31,1
KH010881,2024-01-01,2024-03-31,1
KH010882,2024-01-01,2024-03-31,1
KH010883,2024-01-01,2024-03-31,0
KH010884,2024-01-01,2024-03-31,1
KH010885,2024-01-01,2024-03-31,1
KH010886,2024-01-01,2024-03-31,1
KH010887,2024-01-01,2024-03-31,1
KH010888,2024-01-01,2024-03-31,0
KH010889,2024-01-01,2024-03-31,0
KH010890,2024-01-01,2024-03-31,1
KH010891,2024-01-01,2024-03-31,1
KH010892,2024-01-01,2024-03-31,1
KH010893,2024-01-01,2024-03-31,1
KH010894,2024-01-01,2024-03-31,0
KH010895,2024-01-01,2024-03-31,0
KH010896,2024-01-01,2024-03-31,0
KH010897,2024-01-01,2024-03-31,1
KH010898,2024-01-01,2024-03-31,1
KH010899,2024-01-01,2024-03-31,1
KH010900,2024-01-01,2024-03-31,1
KH010901,2024-01-01,2024-03-31,1
KH010902,2024-01-01,2024-03-31,1
KH010903,2024-01-01,2024-03-31,0
KH010904,2024-01-01,2024-03-31,0
KH010905,2024-01-01,2024-03-31,0
KH010906,2024-01-01,2024-03-31,1
KH010907,2024-01-01,2024-03-31,1
KH010908,2024-01-01,2024-03-31,1
KH010909,2024-01-01,2024-03-31,1
KH010910,2024-01-01,2024-03-31,1
KH010911,2024-01-01,2024-03-31,1
KH010912,2024-01-01,2024-03-31,0
KH010913,2024-01-01,2024-03-31,1
KH010914,2024-01-01,2024-03-31,1
KH010915,2024-01-01,2024-03-31,1
KH010916,2024-01-01,2024-03-31,0
KH010917,2024-01-01,2024-03-31,0
KH010918,2024-01-01,2024-03-31,0
KH010919,2024-01-01,2024-03-31,1
KH010920,2024-01-01,2024-03-31,1
KH010921,2024-01-01,2024-03-31,1
KH010922,2024-01-01,2024-03-31,1
KH010923,2024-01-01,2024-03-31,1
KH010924,2024-01-01,2024-03-31,1
KH010925,2024-01-01,2024-03-31,0
KH010926,2024-01-01,2024-03-31,1
KH010927,2024-01-01,2024-03-31,0
KH010928,2024-01-01,2024-03-31,1
KH010929,2024-01-01,2024-03-31,1
KH010930,2024-01-01,2024-03-31,1
KH010931,2024-01-01,2024-03-31,0
KH010932,2024-01-01,2024-03-31,1
KH010933,2024-01-01,2024-03-31,1
KH010934,2024-01-01,2024-03-31,1
KH010935,2024-01-01,2024-03-31,0
KH010936,2024-01-01,2024-03-31,0
KH010937,2024-01-01,2024-03-31,1
KH010938,2024-01-01,2024-03-31,1
KH010939,2024-01-01,2024-03-31,0
KH010940,2024-01-01,2024-03-31,1
KH010941,2024-01-01,2024-03-31,0
KH010942,2024-01-01,2024-03-31,1
KH010943,2024-01-01,2024-03-31,1
KH010944,2024-01-01,2024-03-31,0
KH010945,2024-01-01,2024-03-31,0
KH010946,2024-01-01,2024-03-31,1
KH010947,2024-01-01,2024-03-31,1
KH010948,2024-01-01,2024-03-31,0
KH010949,2024-01-01,2024-03-31,1
KH010950,2024-01-01,2024-03-31,1
KH010951,2024-01-01,2024-03-31,0
KH010952,2024-01-01,2024-03-31,0
KH010953,2024-01-01,2024-03-31,0
KH010954,2024-01-01,2024-03-31,0
KH010955,2024-01-01,2024-03-31,1
KH010956,2024-01-01,2024-03-31,0
KH010957,2024-01-01,2024-03-31,0
KH010958,2024-01-01,2024-03-31,0
KH010959,2024-01-01,2024-03-31,0
KH010960,2024-01-01,2024-03-31,0
KH010961,2024-01-01,2024-03-31,1
KH010962,2024-01-01,2024-03-31,1
KH010963,2024-01-01,2024-03-31,1
KH010964,2024-01-01,2024-03-31,1
KH010965,2024-01-01,2024-03-31,1
KH010966,2024-01-01,2024-03-31,0
KH010967,2024-01-01,2024-03-31,1
KH010968,2024-01-01,2024-03-31,1
KH010969,2024-01-01,2024-03-31,1
KH010970,2024-01-01,2024-03-31,1
KH010971,2024-01-01,2024-03-31,1
KH010972,2024-01-01,2024-03-31,0
KH010973,2024-01-01,2024-03-31,1
KH010974,2024-01-01,2024-03-31,0
KH010975,2024-01-01,2024-03-31,1
KH010976,2024-01-01,2024-03-31,1
KH010977,2024-01-01,2024-03-31,1
KH010978,2024-01-01,2024-03-31,1
KH010979,2024-01-01,2024-03-31,1
KH010980,2024-01-01,2024-03-31,1
KH010981,2024-01-01,2024-03-31,1
KH010982,2024-01-01,2024-03-31,1
KH010983,2024-01-01,2024-03-31,1
KH010984,2024-01-01,2024-03-31,1
KH010985,2024-01-01,2024-03-31,1
KH010986,2024-01-01,2024-03-31,0
KH010987,2024-01-01,2024-03-31,1
KH010988,2024-01-01,2024-03-31,1
KH010989,2024-01-01,2024-03-31,1
KH010990,2024-01-01,2024-03-31,1
KH010991,2024-01-01,2024-03-31,0
KH010992,2024-01-01,2024-03-31,0
KH010993,2024-01-01,2024-03-31,0
KH010994,2024-01-01,2024-03-31,0
KH010995,2024-01-01,2024-03-31,1
KH010996,2024-01-01,2024-03-31,1
KH010997,2024-01-01,2024-03-31,1
KH010998,2024-01-01,2024-03-31,1
KH010999,2024-01-01,2024-03-31,1
KH011000,2024-01-01,2024-03-31,1
KH011001,2024-01-01,2024-03-31,1
KH011002,2024-01-01,2024-03-31,1
KH011003,2024-01-01,2024-03-31,0
KH011004,2024-01-01,2024-03-31,1
KH011005,2024-01-01,2024-03-31,0
KH011006,2024-01-01,2024-03-31,1
KH011007,2024-01-01,2024-03-31,1
KH011008,2024-01-01,2024-03-31,0
KH011009,2024-01-01,2024-03-31,1
KH011010,2024-01-01,2024-03-31,0
KH011011,2024-01-01,2024-03-31,0
KH011012,2024-01-01,2024-03-31,1
KH011013,2024-01-01,2024-03-31,0
KH011014,2024-01-01,2024-03-31,1
KH011015,2024-01-01,2024-03-31,0
KH011016,2024-01-01,2024-03-31,1
KH011017,2024-01-01,2024-03-31,1
KH011018,2024-01-01,2024-03-31,1
KH011019,2024-01-01,2024-03-31,1
KH011020,2024-01-01,2024-03-31,1
KH011021,2024-01-01,2024-03-31,0
KH011022,2024-01-01,2024-03-31,1
KH011023,2024-01-01,2024-03-31,0
KH011024,2024-01-01,2024-03-31,1
KH011025,2024-01-01,2024-03-31,1
KH011026,2024-01-01,2024-03-31,1
KH011027,2024-01-01,2024-03-31,1
KH011028,2024-01-01,2024-03-31,1
KH011029,2024-01-01,2024-03-31,1
KH011030,2024-01-01,2024-03-31,0
KH011031,2024-01-01,2024-03-31,0
KH011032,2024-01-01,2024-03-31,1
KH011033,2024-01-01,2024-03-31,1
KH011034,2024-01-01,2024-03-31,1
KH011035,2024-01-01,2024-03-31,1
KH011036,2024-01-01,2024-03-31,0
KH011037,2024-01-01,2024-03-31,0
KH011038,2024-01-01,2024-03-31,0
KH011039,2024-01-01,2024-03-31,1
KH011040,2024-01-01,2024-03-31,1
KH011041,2024-01-01,2024-03-31,1
KH011042,2024-01-01,2024-03-31,1
KH011043,2024-01-01,2024-03-31,1
KH011044,2024-01-01,2024-03-31,0
KH011045,2024-01-01,2024-03-31,1
KH011046,2024-01-01,2024-03-31,1
KH011047,2024-01-01,2024-03-31,1
KH011048,2024-01-01,2024-03-31,1
KH011049,2024-01-01,2024-03-31,1
KH011050,2024-01-01,2024-03-31,0
KH011051,2024-01-01,2024-03-31,1
KH011052,2024-01-01,2024-03-31,1
KH011053,2024-01-01,2024-03-31,0
KH011054,2024-01-01,2024-03-31,1
KH011055,2024-01-01,2024-03-31,1
KH011056,2024-01-01,2024-03-31,1
KH011057,2024-01-01,2024-03-31,0
KH011058,2024-01-01,2024-03-31,0
KH011059,2024-01-01,2024-03-31,0
KH011060,2024-01-01,2024-03-31,0
KH011061,2024-01-01,2024-03-31,1
KH011062,2024-01-01,2024-03-31,1
KH011063,2024-01-01,2024-03-31,1
KH011064,2024-01-01,2024-03-31,1
KH011065,2024-01-01,2024-03-31,0
KH011066,2024-01-01,2024-03-31,1
KH011067,2024-01-01,2024-03-31,0
KH011068,2024-01-01,2024-03-31,1
KH011069,2024-01-01,2024-03-31,0
KH011070,2024-01-01,2024-03-31,1
KH011071,2024-01-01,2024-03-31,1
KH011072,2024-01-01,2024-03-31,0
KH011073,2024-01-01,2024-03-31,1
KH011074,2024-01-01,2024-03-31,1
KH011075,2024-01-01,2024-03-31,1
KH011076,2024-01-01,2024-03-31,0
KH011077,2024-01-01,2024-03-31,1
KH011078,2024-01-01,2024-03-31,1
KH011079,2024-01-01,2024-03-31,1
KH011080,2024-01-01,2024-03-31,0
KH011081,2024-01-01,2024-03-31,1
KH011082,2024-01-01,2024-03-31,1
KH011083,2024-01-01,2024-03-31,1
KH011084,2024-01-01,2024-03-31,0
KH011085,2024-01-01,2024-03-31,1
KH011086,2024-01-01,2024-03-31,0
KH011087,2024-01-01,2024-03-31,1
KH011088,2024-01-01,2024-03-31,1
KH011089,2024-01-01,2024-03-31,1
KH011090,2024-01-01,2024-03-31,1
KH011091,2024-01-01,2024-03-31,0
KH011092,2024-01-01,2024-03-31,1
KH011093,2024-01-01,2024-03-31,1
KH011094,2024-01-01,2024-03-31,1
KH011095,2024-01-01,2024-03-31,0
KH011096,2024-01-01,2024-03-31,0
KH011097,2024-01-01,2024-03-31,1
KH011098,2024-01-01,2024-03-31,1
KH011099,2024-01-01,2024-03-31,0
KH011100,2024-01-01,2024-03-31,1
KH011101,2024-01-01,2024-03-31,1
KH011102,2024-01-01,2024-03-31,1
KH011103,2024-01-01,2024-03-31,0
KH011104,2024-01-01,2024-03-31,0
KH011105,2024-01-01,2024-03-31,1
KH011106,2024-01-01,2024-03-31,1
KH011107,2024-01-01,2024-03-31,1
KH011108,2024-01-01,2024-03-31,0
KH011109,2024-01-01,2024-03-31,1
KH011110,2024-01-01,2024-03-31,1
KH011111,2024-01-01,2024-03-31,1
KH011112,2024-01-01,2024-03-31,0
KH011113,2024-01-01,2024-03-31,1
KH011114,2024-01-01,2024-03-31,1
KH011115,2024-01-01,2024-03-31,1
KH011116,2024-01-01,2024-03-31,0
KH011117,2024-01-01,2024-03-31,1
KH011118,2024-01-01,2024-03-31,1
KH011119,2024-01-01,2024-03-31,1
KH011120,2024-01-01,2024-03-31,1
KH011121,2024-01-01,2024-03-31,1
KH011122,2024-01-01,2024-03-31,1
KH011123,2024-01-01,2024-03-31,1
KH011124,2024-01-01,2024-03-31,1
KH011125,2024-01-01,2024-03-31,1
KH011126,2024-01-01,2024-03-31,0
KH011127,2024-01-01,2024-03-31,1
KH011128,2024-01-01,2024-03-31,1
KH011129,2024-01-01,2024-03-31,1
KH011130,2024-01-01,2024-03-31,0
KH011131,2024-01-01,2024-03-31,0
KH011132,2024-01-01,2024-03-31,1
KH011133,2024-01-01,2024-03-31,1
KH011134,2024-01-01,2024-03-31,0
KH011135,2024-01-01,2024-03-31,0
KH011136,2024-01-01,2024-03-31,1
KH011137,2024-01-01,2024-03-31,0
KH011138,2024-01-01,2024-03-31,1
KH011139,2024-01-01,2024-03-31,0
KH011140,2024-01-01,2024-03-31,0
KH011141,2024-01-01,2024-03-31,1
KH011142,2024-01-01,2024-03-31,1
KH011143,2024-01-01,2024-03-31,1
KH011144,2024-01-01,2024-03-31,1
KH011145,2024-01-01,2024-03-31,1
KH011146,2024-01-01,2024-03-31,1
KH011147,2024-01-01,2024-03-31,1
KH011148,2024-01-01,2024-03-31,1
KH011149,2024-01-01,2024-03-31,0
KH011150,2024-01-01,2024-03-31,0
KH011151,2024-01-01,2024-03-31,1
KH011152,2024-01-01,2024-03-31,1
KH011153,2024-01-01,2024-03-31,1
KH011154,2024-01-01,2024-03-31,0
KH011155,2024-01-01,2024-03-31,1
KH011156,2024-01-01,2024-03-31,1
KH011157,2024-01-01,2024-03-31,1
KH011158,2024-01-01,2024-03-31,1
KH011159,2024-01-01,2024-03-31,0
KH011160,2024-01-01,2024-03-31,1
KH011161,2024-01-01,2024-03-31,1
KH011162,2024-01-01,2024-03-31,0
KH011163,2024-01-01,2024-03-31,1
KH011164,2024-01-01,2024-03-31,1
KH011165,2024-01-01,2024-03-31,0
KH011166,2024-01-01,2024-03-31,1
KH011167,2024-01-01,2024-03-31,1
KH011168,2024-01-01,2024-03-31,1
KH011169,2024-01-01,2024-03-31,1
KH011170,2024-01-01,2024-03-31,0
KH011171,2024-01-01,2024-03-31,1
KH011172,2024-01-01,2024-03-31,1
KH011173,2024-01-01,2024-03-31,1
KH011174,2024-01-01,2024-03-31,1
KH011175,2024-01-01,2024-03-31,1
KH011176,2024-01-01,2024-03-31,0
KH011177,2024-01-01,2024-03-31,0
KH011178,2024-01-01,2024-03-31,1
KH011179,2024-01-01,2024-03-31,1
KH011180,2024-01-01,2024-03-31,1
KH011181,2024-01-01,2024-03-31,1
KH011182,2024-01-01,2024-03-31,1
KH011183,2024-01-01,2024-03-31,0
KH011184,2024-01-01,2024-03-31,0
KH011185,2024-01-01,2024-03-31,1
KH011186,2024-01-01,2024-03-31,0
KH011187,2024-01-01,2024-03-31,0
KH011188,2024-01-01,2024-03-31,1
KH011189,2024-01-01,2024-03-31,1
KH011190,2024-01-01,2024-03-31,1
KH011191,2024-01-01,2024-03-31,1
KH011192,2024-01-01,2024-03-31,0
KH011193,2024-01-01,2024-03-31,1
KH011194,2024-01-01,2024-03-31,1
KH011195,2024-01-01,2024-03-31,0
KH011196,2024-01-01,2024-03-31,1
KH011197,2024-01-01,2024-03-31,1
KH011198,2024-01-01,2024-03-31,1
KH011199,2024-01-01,2024-03-31,1
KH011200,2024-01-01,2024-03-31,1
KH011201,2024-01-01,2024-03-31,0
KH011202,2024-01-01,2024-03-31,0
KH011203,2024-01-01,2024-03-31,1
KH011204,2024-01-01,2024-03-31,1
KH011205,2024-01-01,2024-03-31,1
KH011206,2024-01-01,2024-03-31,1
KH011207,2024-01-01,2024-03-31,1
KH011208,2024-01-01,2024-03-31,1
KH011209,2024-01-01,2024-03-31,1
KH011210,2024-01-01,2024-03-31,1
KH011211,2024-01-01,2024-03-31,1
KH011212,2024-01-01,2024-03-31,1
KH011213,2024-01-01,2024-03-31,0
KH011214,2024-01-01,2024-03-31,0
KH011215,2024-01-01,2024-03-31,1
KH011216,2024-01-01,2024-03-31,1
KH011217,2024-01-01,2024-03-31,1
KH011218,2024-01-01,2024-03-31,1
KH011219,2024-01-01,2024-03-31,1
KH011220,2024-01-01,2024-03-31,0
KH011221,2024-01-01,2024-03-31,1
KH011222,2024-01-01,2024-03-31,1
KH011223,2024-01-01,2024-03-31,1
KH011224,2024-01-01,2024-03-31,1
KH011225,2024-01-01,2024-03-31,1
KH011226,2024-01-01,2024-03-31,0
KH011227,2024-01-01,2024-03-31,1
KH011228,2024-01-01,2024-03-31,0
KH011229,2024-01-01,2024-03-31,1
KH011230,2024-01-01,2024-03-31,0
KH011231,2024-01-01,2024-03-31,1
KH011232,2024-01-01,2024-03-31,0
KH011233,2024-01-01,2024-03-31,1
KH011234,2024-01-01,2024-03-31,1
KH011235,2024-01-01,2024-03-31,1
KH011236,2024-01-01,2024-03-31,0
KH011237,2024-01-01,2024-03-31,0
KH011238,2024-01-01,2024-03-31,0
KH011239,2024-01-01,2024-03-31,1
KH011240,2024-01-01,2024-03-31,0
KH011241,2024-01-01,2024-03-31,1
KH011242,2024-01-01,2024-03-31,1
KH011243,2024-01-01,2024-03-31,1
KH011244,2024-01-01,2024-03-31,1
KH011245,2024-01-01,2024-03-31,1
KH011246,2024-01-01,2024-03-31,1
KH011247,2024-01-01,2024-03-31,1
KH011248,2024-01-01,2024-03-31,1
KH011249,2024-01-01,2024-03-31,1
KH011250,2024-01-01,2024-03-31,1
KH011251,2024-01-01,2024-03-31,1
KH011252,2024-01-01,2024-03-31,1
KH011253,2024-01-01,2024-03-31,1
KH011254,2024-01-01,2024-03-31,1
KH011255,2024-01-01,2024-03-31,0
KH011256,2024-01-01,2024-03-31,1
KH011257,2024-01-01,2024-03-31,1
KH011258,2024-01-01,2024-03-31,1
KH011259,2024-01-01,2024-03-31,0
KH011260,2024-01-01,2024-03-31,1
KH011261,2024-01-01,2024-03-31,0
KH011262,2024-01-01,2024-03-31,1
KH011263,2024-01-01,2024-03-31,0
KH011264,2024-01-01,2024-03-31,0
KH011265,2024-01-01,2024-03-31,0
KH011266,2024-01-01,2024-03-31,1
KH011267,2024-01-01,2024-03-31,1
KH011268,2024-01-01,2024-03-31,1
KH011269,2024-01-01,2024-03-31,0
KH011270,2024-01-01,2024-03-31,0
KH011271,2024-01-01,2024-03-31,1
KH011272,2024-01-01,2024-03-31,1
KH011273,2024-01-01,2024-03-31,1
KH011274,2024-01-01,2024-03-31,0
KH011275,2024-01-01,2024-03-31,1
KH011276,2024-01-01,2024-03-31,1
KH011277,2024-01-01,2024-03-31,0
KH011278,2024-01-01,2024-03-31,1
KH011279,2024-01-01,2024-03-31,1
KH011280,2024-01-01,2024-03-31,0
KH011281,2024-01-01,2024-03-31,1
KH011282,2024-01-01,2024-03-31,1
KH011283,2024-01-01,2024-03-31,1
KH011284,2024-01-01,2024-03-31,0
KH011285,2024-01-01,2024-03-31,1
KH011286,2024-01-01,2024-03-31,1
KH011287,2024-01-01,2024-03-31,1
KH011288,2024-01-01,2024-03-31,1
KH011289,2024-01-01,2024-03-31,1
KH011290,2024-01-01,2024-03-31,0
KH011291,2024-01-01,2024-03-31,1
KH011292,2024-01-01,2024-03-31,1
KH011293,2024-01-01,2024-03-31,1
KH011294,2024-01-01,2024-03-31,0
KH011295,2024-01-01,2024-03-31,0
KH011296,2024-01-01,2024-03-31,1
KH011297,2024-01-01,2024-03-31,1
KH011298,2024-01-01,2024-03-31,0
KH011299,2024-01-01,2024-03-31,1
KH011300,2024-01-01,2024-03-31,1
KH011301,2024-01-01,2024-03-31,0
KH011302,2024-01-01,2024-03-31,1
KH011303,2024-01-01,2024-03-31,0
KH011304,2024-01-01,2024-03-31,0
KH011305,2024-01-01,2024-03-31,1
KH011306,2024-01-01,2024-03-31,1
KH011307,2024-01-01,2024-03-31,1
KH011308,2024-01-01,2024-03-31,1
KH011309,2024-01-01,2024-03-31,1
KH011310,2024-01-01,2024-03-31,1
KH011311,2024-01-01,2024-03-31,1
KH011312,2024-01-01,2024-03-31,1
KH011313,2024-01-01,2024-03-31,1
KH011314,2024-01-01,2024-03-31,1
KH011315,2024-01-01,2024-03-31,1
KH011316,2024-01-01,2024-03-31,1
KH011317,2024-01-01,2024-03-31,1
KH011318,2024-01-01,2024-03-31,0
KH011319,2024-01-01,2024-03-31,1
KH011320,2024-01-01,2024-03-31,1
KH011321,2024-01-01,2024-03-31,1
KH011322,2024-01-01,2024-03-31,0
KH011323,2024-01-01,2024-03-31,1
KH011324,2024-01-01,2024-03-31,0
KH011325,2024-01-01,2024-03-31,1
KH011326,2024-01-01,2024-03-31,1
KH011327,2024-01-01,2024-03-31,1
KH011328,2024-01-01,2024-03-31,0
KH011329,2024-01-01,2024-03-31,1
KH011330,2024-01-01,2024-03-31,1
KH011331,2024-01-01,2024-03-31,1
KH011332,2024-01-01,2024-03-31,1
KH011333,2024-01-01,2024-03-31,0
KH011334,2024-01-01,2024-03-31,1
KH011335,2024-01-01,2024-03-31,1
KH011336,2024-01-01,2024-03-31,1
KH011337,2024-01-01,2024-03-31,1
KH011338,2024-01-01,2024-03-31,0
KH011339,2024-01-01,2024-03-31,1
KH011340,2024-01-01,2024-03-31,1
KH011341,2024-01-01,2024-03-31,1
KH011342,2024-01-01,2024-03-31,0
KH011343,2024-01-01,2024-03-31,1
KH011344,2024-01-01,2024-03-31,1
KH011345,2024-01-01,2024-03-31,1
KH011346,2024-01-01,2024-03-31,1
KH011347,2024-01-01,2024-03-31,1
KH011348,2024-01-01,2024-03-31,0
KH011349,2024-01-01,2024-03-31,1
KH011350,2024-01-01,2024-03-31,1
KH011351,2024-01-01,2024-03-31,1
KH011352,2024-01-01,2024-03-31,1
KH011353,2024-01-01,2024-03-31,1
KH011354,2024-01-01,2024-03-31,0
KH011355,2024-01-01,2024-03-31,1
KH011356,2024-01-01,2024-03-31,1
KH011357,2024-01-01,2024-03-31,0
KH011358,2024-01-01,2024-03-31,1
KH011359,2024-01-01,2024-03-31,1
KH011360,2024-01-01,2024-03-31,0
KH011361,2024-01-01,2024-03-31,1
KH011362,2024-01-01,2024-03-31,1
KH011363,2024-01-01,2024-03-31,0
KH011364,2024-01-01,2024-03-31,1
KH011365,2024-01-01,2024-03-31,1
KH011366,2024-01-01,2024-03-31,1
KH011367,2024-01-01,2024-03-31,0
KH011368,2024-01-01,2024-03-31,1
KH011369,2024-01-01,2024-03-31,1
KH011370,2024-01-01,2024-03-31,0
KH011371,2024-01-01,2024-03-31,1
KH011372,2024-01-01,2024-03-31,1
KH011373,2024-01-01,2024-03-31,1
KH011374,2024-01-01,2024-03-31,1
KH011375,2024-01-01,2024-03-31,1
KH011376,2024-01-01,2024-03-31,1
KH011377,2024-01-01,2024-03-31,0
KH011378,2024-01-01,2024-03-31,0
KH011379,2024-01-01,2024-03-31,1
KH011380,2024-01-01,2024-03-31,1
KH011381,2024-01-01,2024-03-31,1
KH011382,2024-01-01,2024-03-31,1
KH011383,2024-01-01,2024-03-31,1
KH011384,2024-01-01,2024-03-31,1
KH011385,2024-01-01,2024-03-31,1
KH011386,2024-01-01,2024-03-31,1
KH011387,2024-01-01,2024-03-31,1
KH011388,2024-01-01,2024-03-31,0
KH011389,2024-01-01,2024-03-31,0
KH011390,2024-01-01,2024-03-31,0
KH011391,2024-01-01,2024-03-31,0
KH011392,2024-01-01,2024-03-31,1
KH011393,2024-01-01,2024-03-31,1
KH011394,2024-01-01,2024-03-31,1
KH011395,2024-01-01,2024-03-31,0
KH011396,2024-01-01,2024-03-31,1
KH011397,2024-01-01,2024-03-31,1
KH011398,2024-01-01,2024-03-31,1
KH011399,2024-01-01,2024-03-31,0
KH011400,2024-01-01,2024-03-31,1
KH011401,2024-01-01,2024-03-31,1
KH011402,2024-01-01,2024-03-31,1
KH011403,2024-01-01,2024-03-31,0
KH011404,2024-01-01,2024-03-31,1
KH011405,2024-01-01,2024-03-31,1
KH011406,2024-01-01,2024-03-31,1
KH011407,2024-01-01,2024-03-31,1
KH011408,2024-01-01,2024-03-31,1
KH011409,2024-01-01,2024-03-31,1
KH011410,2024-01-01,2024-03-31,1
KH011411,2024-01-01,2024-03-31,0
KH011412,2024-01-01,2024-03-31,1
KH011413,2024-01-01,2024-03-31,1
KH011414,2024-01-01,2024-03-31,0
KH011415,2024-01-01,2024-03-31,0
KH011416,2024-01-01,2024-03-31,1
KH011417,2024-01-01,2024-03-31,1
KH011418,2024-01-01,2024-03-31,1
KH011419,2024-01-01,2024-03-31,1
KH011420,2024-01-01,2024-03-31,1
KH011421,2024-01-01,2024-03-31,1
KH011422,2024-01-01,2024-03-31,1
KH011423,2024-01-01,2024-03-31,1
KH011424,2024-01-01,2024-03-31,1
KH011425,2024-01-01,2024-03-31,1
KH011426,2024-01-01,2024-03-31,1
KH011427,2024-01-01,2024-03-31,1
KH011428,2024-01-01,2024-03-31,0
KH011429,2024-01-01,2024-03-31,1
KH011430,2024-01-01,2024-03-31,1
KH011431,2024-01-01,2024-03-31,1
KH011432,2024-01-01,2024-03-31,1
KH011433,2024-01-01,2024-03-31,1
KH011434,2024-01-01,2024-03-31,1
KH011435,2024-01-01,2024-03-31,1
KH011436,2024-01-01,2024-03-31,0
KH011437,2024-01-01,2024-03-31,1
KH011438,2024-01-01,2024-03-31,0
KH011439,2024-01-01,2024-03-31,1
KH011440,2024-01-01,2024-03-31,0
KH011441,2024-01-01,2024-03-31,1
KH011442,2024-01-01,2024-03-31,0
KH011443,2024-01-01,2024-03-31,1
KH011444,2024-01-01,2024-03-31,0
KH011445,2024-01-01,2024-03-31,1
KH011446,2024-01-01,2024-03-31,0
KH011447,2024-01-01,2024-03-31,1
KH011448,2024-01-01,2024-03-31,1
KH011449,2024-01-01,2024-03-31,1
KH011450,2024-01-01,2024-03-31,1
KH011451,2024-01-01,2024-03-31,1
KH011452,2024-01-01,2024-03-31,1
KH011453,2024-01-01,2024-03-31,0
KH011454,2024-01-01,2024-03-31,0
KH011455,2024-01-01,2024-03-31,0
KH011456,2024-01-01,2024-03-31,1
KH011457,2024-01-01,2024-03-31,1
KH011458,2024-01-01,2024-03-31,1
KH011459,2024-01-01,2024-03-31,1
KH011460,2024-01-01,2024-03-31,1
KH011461,2024-01-01,2024-03-31,0
KH011462,2024-01-01,2024-03-31,1
KH011463,2024-01-01,2024-03-31,0
KH011464,2024-01-01,2024-03-31,1
KH011465,2024-01-01,2024-03-31,1
KH011466,2024-01-01,2024-03-31,1
KH011467,2024-01-01,2024-03-31,1
KH011468,2024-01-01,2024-03-31,1
KH011469,2024-01-01,2024-03-31,0
KH011470,2024-01-01,2024-03-31,0
KH011471,2024-01-01,2024-03-31,1
KH011472,2024-01-01,2024-03-31,1
KH011473,2024-01-01,2024-03-31,1
KH011474,2024-01-01,2024-03-31,1
KH011475,2024-01-01,2024-03-31,1
KH011476,2024-01-01,2024-03-31,1
KH011477,2024-01-01,2024-03-31,0
KH011478,2024-01-01,2024-03-31,0
KH011479,2024-01-01,2024-03-31,1
KH011480,2024-01-01,2024-03-31,1
KH011481,2024-01-01,2024-03-31,1
KH011482,2024-01-01,2024-03-31,1
KH011483,2024-01-01,2024-03-31,1
KH011484,2024-01-01,2024-03-31,1
KH011485,2024-01-01,2024-03-31,1
KH011486,2024-01-01,2024-03-31,0
KH011487,2024-01-01,2024-03-31,0
KH011488,2024-01-01,2024-03-31,1
KH011489,2024-01-01,2024-03-31,1
KH011490,2024-01-01,2024-03-31,0
KH011491,2024-01-01,2024-03-31,1
KH011492,2024-01-01,2024-03-31,0
KH011493,2024-01-01,2024-03-31,1
KH011494,2024-01-01,2024-03-31,0
KH011495,2024-01-01,2024-03-31,1
KH011496,2024-01-01,2024-03-31,1
KH011497,2024-01-01,2024-03-31,0
KH011498,2024-01-01,2024-03-31,1
KH011499,2024-01-01,2024-03-31,1
KH011500,2024-01-01,2024-03-31,1
KH011501,2024-01-01,2024-03-31,1
KH011502,2024-01-01,2024-03-31,1
KH011503,2024-01-01,2024-03-31,1
KH011504,2024-01-01,2024-03-31,1
KH011505,2024-01-01,2024-03-31,0
KH011506,2024-01-01,2024-03-31,0
KH011507,2024-01-01,2024-03-31,1
KH011508,2024-01-01,2024-03-31,1
KH011509,2024-01-01,2024-03-31,1
KH011510,2024-01-01,2024-03-31,0
KH011511,2024-01-01,2024-03-31,1
KH011512,2024-01-01,2024-03-31,1
KH011513,2024-01-01,2024-03-31,1
KH011514,2024-01-01,2024-03-31,0
KH011515,2024-01-01,2024-03-31,1
KH011516,2024-01-01,2024-03-31,1
KH011517,2024-01-01,2024-03-31,1
KH011518,2024-01-01,2024-03-31,1
KH011519,2024-01-01,2024-03-31,0
KH011520,2024-01-01,2024-03-31,0
KH011521,2024-01-01,2024-03-31,1
KH011522,2024-01-01,2024-03-31,0
KH011523,2024-01-01,2024-03-31,0
KH011524,2024-01-01,2024-03-31,0
KH011525,2024-01-01,2024-03-31,1
KH011526,2024-01-01,2024-03-31,0
KH011527,2024-01-01,2024-03-31,1
KH011528,2024-01-01,2024-03-31,1
KH011529,2024-01-01,2024-03-31,1
KH011530,2024-01-01,2024-03-31,1
KH011531,2024-01-01,2024-03-31,1
KH011532,2024-01-01,2024-03-31,1
KH011533,2024-01-01,2024-03-31,0
KH011534,2024-01-01,2024-03-31,0
KH011535,2024-01-01,2024-03-31,0
KH011536,2024-01-01,2024-03-31,1
KH011537,2024-01-01,2024-03-31,0
KH011538,2024-01-01,2024-03-31,1
KH011539,2024-01-01,2024-03-31,0
KH011540,2024-01-01,2024-03-31,0
KH011541,2024-01-01,2024-03-31,1
KH011542,2024-01-01,2024-03-31,1
KH011543,2024-01-01,2024-03-31,1
KH011544,2024-01-01,2024-03-31,0
KH011545,2024-01-01,2024-03-31,1
KH011546,2024-01-01,2024-03-31,1
KH011547,2024-01-01,2024-03-31,0
KH011548,2024-01-01,2024-03-31,0
KH011549,2024-01-01,2024-03-31,1
KH011550,2024-01-01,2024-03-31,1
KH011551,2024-01-01,2024-03-31,0
KH011552,2024-01-01,2024-03-31,0
KH011553,2024-01-01,2024-03-31,1
KH011554,2024-01-01,2024-03-31,0
KH011555,2024-01-01,2024-03-31,1
KH011556,2024-01-01,2024-03-31,1
KH011557,2024-01-01,2024-03-31,1
KH011558,2024-01-01,2024-03-31,1
KH011559,2024-01-01,2024-03-31,1
KH011560,2024-01-01,2024-03-31,0
KH011561,2024-01-01,2024-03-31,1
KH011562,2024-01-01,2024-03-31,1
KH011563,2024-01-01,2024-03-31,0
KH011564,2024-01-01,2024-03-31,1
KH011565,2024-01-01,2024-03-31,0
KH011566,2024-01-01,2024-03-31,1
KH011567,2024-01-01,2024-03-31,0
KH011568,2024-01-01,2024-03-31,1
KH011569,2024-01-01,2024-03-31,1
KH011570,2024-01-01,2024-03-31,1
KH011571,2024-01-01,2024-03-31,1
KH011572,2024-01-01,2024-03-31,0
KH011573,2024-01-01,2024-03-31,0
KH011574,2024-01-01,2024-03-31,0
KH011575,2024-01-01,2024-03-31,0
KH011576,2024-01-01,2024-03-31,1
KH011577,2024-01-01,2024-03-31,1
KH011578,2024-01-01,2024-03-31,0
KH011579,2024-01-01,2024-03-31,0
KH011580,2024-01-01,2024-03-31,1
KH011581,2024-01-01,2024-03-31,1
KH011582,2024-01-01,2024-03-31,1
KH011583,2024-01-01,2024-03-31,1
KH011584,2024-01-01,2024-03-31,1
KH011585,2024-01-01,2024-03-31,1
KH011586,2024-01-01,2024-03-31,1
KH011587,2024-01-01,2024-03-31,1
KH011588,2024-01-01,2024-03-31,1
KH011589,2024-01-01,2024-03-31,1
KH011590,2024-01-01,2024-03-31,1
KH011591,2024-01-01,2024-03-31,1
KH011592,2024-01-01,2024-03-31,0
KH011593,2024-01-01,2024-03-31,1
KH011594,2024-01-01,2024-03-31,0
KH011595,2024-01-01,2024-03-31,1
KH011596,2024-01-01,2024-03-31,0
KH011597,2024-01-01,2024-03-31,1
KH011598,2024-01-01,2024-03-31,0
KH011599,2024-01-01,2024-03-31,1
KH011600,2024-01-01,2024-03-31,1
KH011601,2024-01-01,2024-03-31,1
KH011602,2024-01-01,2024-03-31,1
KH011603,2024-01-01,2024-03-31,0
KH011604,2024-01-01,2024-03-31,1
KH011605,2024-01-01,2024-03-31,1
KH011606,2024-01-01,2024-03-31,0
KH011607,2024-01-01,2024-03-31,1
KH011608,2024-01-01,2024-03-31,0
KH011609,2024-01-01,2024-03-31,0
KH011610,2024-01-01,2024-03-31,1
KH011611,2024-01-01,2024-03-31,1
KH011612,2024-01-01,2024-03-31,1
KH011613,2024-01-01,2024-03-31,1
KH011614,2024-01-01,2024-03-31,1
KH011615,2024-01-01,2024-03-31,1
KH011616,2024-01-01,2024-03-31,1
KH011617,2024-01-01,2024-03-31,1
KH011618,2024-01-01,2024-03-31,1
KH011619,2024-01-01,2024-03-31,1
KH011620,2024-01-01,2024-03-31,0
KH011621,2024-01-01,2024-03-31,0
KH011622,2024-01-01,2024-03-31,0
KH011623,2024-01-01,2024-03-31,1
KH011624,2024-01-01,2024-03-31,1
KH011625,2024-01-01,2024-03-31,0
KH011626,2024-01-01,2024-03-31,0
KH011627,2024-01-01,2024-03-31,1
KH011628,2024-01-01,2024-03-31,1
KH011629,2024-01-01,2024-03-31,1
KH011630,2024-01-01,2024-03-31,1
KH011631,2024-01-01,2024-03-31,1
KH011632,2024-01-01,2024-03-31,1
KH011633,2024-01-01,2024-03-31,1
KH011634,2024-01-01,2024-03-31,1
KH011635,2024-01-01,2024-03-31,0
KH011636,2024-01-01,2024-03-31,0
KH011637,2024-01-01,2024-03-31,1
KH011638,2024-01-01,2024-03-31,1
KH011639,2024-01-01,2024-03-31,1
KH011640,2024-01-01,2024-03-31,1
KH011641,2024-01-01,2024-03-31,0
KH011642,2024-01-01,2024-03-31,1
KH011643,2024-01-01,2024-03-31,1
KH011644,2024-01-01,2024-03-31,0
KH011645,2024-01-01,2024-03-31,0
KH011646,2024-01-01,2024-03-31,0
KH011647,2024-01-01,2024-03-31,1
KH011648,2024-01-01,2024-03-31,1
KH011649,2024-01-01,2024-03-31,1
KH011650,2024-01-01,2024-03-31,1
KH011651,2024-01-01,2024-03-31,1
KH011652,2024-01-01,2024-03-31,0
KH011653,2024-01-01,2024-03-31,0
KH011654,2024-01-01,2024-03-31,1
KH011655,2024-01-01,2024-03-31,1
KH011656,2024-01-01,2024-03-31,1
KH011657,2024-01-01,2024-03-31,0
KH011658,2024-01-01,2024-03-31,1
KH011659,2024-01-01,2024-03-31,0
KH011660,2024-01-01,2024-03-31,1
KH011661,2024-01-01,2024-03-31,1
KH011662,2024-01-01,2024-03-31,1
KH011663,2024-01-01,2024-03-31,0
KH011664,2024-01-01,2024-03-31,1
KH011665,2024-01-01,2024-03-31,1
KH011666,2024-01-01,2024-03-31,1
KH011667,2024-01-01,2024-03-31,1
KH011668,2024-01-01,2024-03-31,1
KH011669,2024-01-01,2024-03-31,1
KH011670,2024-01-01,2024-03-31,1
KH011671,2024-01-01,2024-03-31,0
KH011672,2024-01-01,2024-03-31,1
KH011673,2024-01-01,2024-03-31,0
KH011674,2024-01-01,2024-03-31,1
KH011675,2024-01-01,2024-03-31,1
KH011676,2024-01-01,2024-03-31,1
KH011677,2024-01-01,2024-03-31,1
KH011678,2024-01-01,2024-03-31,0
KH011679,2024-01-01,2024-03-31,0
KH011680,2024-01-01,2024-03-31,1
KH011681,2024-01-01,2024-03-31,0
KH011682,2024-01-01,2024-03-31,1
KH011683,2024-01-01,2024-03-31,1
KH011684,2024-01-01,2024-03-31,0
KH011685,2024-01-01,2024-03-31,0
KH011686,2024-01-01,2024-03-31,1
KH011687,2024-01-01,2024-03-31,0
KH011688,2024-01-01,2024-03-31,1
KH011689,2024-01-01,2024-03-31,1
KH011690,2024-01-01,2024-03-31,1
KH011691,2024-01-01,2024-03-31,1
KH011692,2024-01-01,2024-03-31,1
KH011693,2024-01-01,2024-03-31,1
KH011694,2024-01-01,2024-03-31,1
KH011695,2024-01-01,2024-03-31,1
KH011696,2024-01-01,2024-03-31,0
KH011697,2024-01-01,2024-03-31,0
KH011698,2024-01-01,2024-03-31,1
KH011699,2024-01-01,2024-03-31,1
KH011700,2024-01-01,2024-03-31,1
KH011701,2024-01-01,2024-03-31,1
KH011702,2024-01-01,2024-03-31,1
KH011703,2024-01-01,2024-03-31,1
KH011704,2024-01-01,2024-03-31,1
KH011705,2024-01-01,2024-03-31,1
KH011706,2024-01-01,2024-03-31,1
KH011707,2024-01-01,2024-03-31,1
KH011708,2024-01-01,2024-03-31,1
KH011709,2024-01-01,2024-03-31,1
KH011710,2024-01-01,2024-03-31,1
KH011711,2024-01-01,2024-03-31,1
KH011712,2024-01-01,2024-03-31,1
KH011713,2024-01-01,2024-03-31,1
KH011714,2024-01-01,2024-03-31,1
KH011715,2024-01-01,2024-03-31,1
KH011716,2024-01-01,2024-03-31,1
KH011717,2024-01-01,2024-03-31,1
KH011718,2024-01-01,2024-03-31,0
KH011719,2024-01-01,2024-03-31,1
KH011720,2024-01-01,2024-03-31,0
KH011721,2024-01-01,2024-03-31,1
KH011722,2024-01-01,2024-03-31,1
KH011723,2024-01-01,2024-03-31,0
KH011724,2024-01-01,2024-03-31,1
KH011725,2024-01-01,2024-03-31,0
KH011726,2024-01-01,2024-03-31,0
KH011727,2024-01-01,2024-03-31,1
KH011728,2024-01-01,2024-03-31,1
KH011729,2024-01-01,2024-03-31,0
KH011730,2024-01-01,2024-03-31,0
KH011731,2024-01-01,2024-03-31,1
KH011732,2024-01-01,2024-03-31,0
KH011733,2024-01-01,2024-03-31,1
KH011734,2024-01-01,2024-03-31,1
KH011735,2024-01-01,2024-03-31,0
KH011736,2024-01-01,2024-03-31,1
KH011737,2024-01-01,2024-03-31,1
KH011738,2024-01-01,2024-03-31,0
KH011739,2024-01-01,2024-03-31,1
KH011740,2024-01-01,2024-03-31,1
KH011741,2024-01-01,2024-03-31,1
KH011742,2024-01-01,2024-03-31,1
KH011743,2024-01-01,2024-03-31,1
KH011744,2024-01-01,2024-03-31,1
KH011745,2024-01-01,2024-03-31,0
KH011746,2024-01-01,2024-03-31,1
KH011747,2024-01-01,2024-03-31,1
KH011748,2024-01-01,2024-03-31,1
KH011749,2024-01-01,2024-03-31,0
KH011750,2024-01-01,2024-03-31,1
KH011751,2024-01-01,2024-03-31,1
KH011752,2024-01-01,2024-03-31,0
KH011753,2024-01-01,2024-03-31,0
KH011754,2024-01-01,2024-03-31,1
KH011755,2024-01-01,2024-03-31,0
KH011756,2024-01-01,2024-03-31,1
KH011757,2024-01-01,2024-03-31,0
KH011758,2024-01-01,2024-03-31,1
KH011759,2024-01-01,2024-03-31,1
KH011760,2024-01-01,2024-03-31,1
KH011761,2024-01-01,2024-03-31,1
KH011762,2024-01-01,2024-03-31,1
KH011763,2024-01-01,2024-03-31,1
KH011764,2024-01-01,2024-03-31,1
KH011765,2024-01-01,2024-03-31,1
KH011766,2024-01-01,2024-03-31,1
KH011767,2024-01-01,2024-03-31,1
KH011768,2024-01-01,2024-03-31,1
KH011769,2024-01-01,2024-03-31,1
KH011770,2024-01-01,2024-03-31,1
KH011771,2024-01-01,2024-03-31,1
KH011772,2024-01-01,2024-03-31,0
KH011773,2024-01-01,2024-03-31,1
KH011774,2024-01-01,2024-03-31,0
KH011775,2024-01-01,2024-03-31,0
KH011776,2024-01-01,2024-03-31,0
KH011777,2024-01-01,2024-03-31,1
KH011778,2024-01-01,2024-03-31,1
KH011779,2024-01-01,2024-03-31,1
KH011780,2024-01-01,2024-03-31,1
KH011781,2024-01-01,2024-03-31,1
KH011782,2024-01-01,2024-03-31,1
KH011783,2024-01-01,2024-03-31,0
KH011784,2024-01-01,2024-03-31,0
KH011785,2024-01-01,2024-03-31,0
KH011786,2024-01-01,2024-03-31,1
KH011787,2024-01-01,2024-03-31,1
KH011788,2024-01-01,2024-03-31,0
KH011789,2024-01-01,2024-03-31,1
KH011790,2024-01-01,2024-03-31,1
KH011791,2024-01-01,2024-03-31,0
KH011792,2024-01-01,2024-03-31,0
KH011793,2024-01-01,2024-03-31,1
KH011794,2024-01-01,2024-03-31,1
KH011795,2024-01-01,2024-03-31,1
KH011796,2024-01-01,2024-03-31,1
KH011797,2024-01-01,2024-03-31,1
KH011798,2024-01-01,2024-03-31,0
KH011799,2024-01-01,2024-03-31,1
KH011800,2024-01-01,2024-03-31,0
KH011801,2024-01-01,2024-03-31,1
KH011802,2024-01-01,2024-03-31,1
KH011803,2024-01-01,2024-03-31,1
KH011804,2024-01-01,2024-03-31,1
KH011805,2024-01-01,2024-03-31,1
KH011806,2024-01-01,2024-03-31,1
KH011807,2024-01-01,2024-03-31,0
KH011808,2024-01-01,2024-03-31,0
KH011809,2024-01-01,2024-03-31,1
KH011810,2024-01-01,2024-03-31,0
KH011811,2024-01-01,2024-03-31,0
KH011812,2024-01-01,2024-03-31,1
KH011813,2024-01-01,2024-03-31,1
KH011814,2024-01-01,2024-03-31,1
KH011815,2024-01-01,2024-03-31,1
KH011816,2024-01-01,2024-03-31,1
KH011817,2024-01-01,2024-03-31,1
KH011818,2024-01-01,2024-03-31,0
KH011819,2024-01-01,2024-03-31,1
KH011820,2024-01-01,2024-03-31,1
KH011821,2024-01-01,2024-03-31,0
KH011822,2024-01-01,2024-03-31,1
KH011823,2024-01-01,2024-03-31,1
KH011824,2024-01-01,2024-03-31,1
KH011825,2024-01-01,2024-03-31,0
KH011826,2024-01-01,2024-03-31,1
KH011827,2024-01-01,2024-03-31,0
KH011828,2024-01-01,2024-03-31,1
KH011829,2024-01-01,2024-03-31,1
KH011830,2024-01-01,2024-03-31,1
KH011831,2024-01-01,2024-03-31,1
KH011832,2024-01-01,2024-03-31,0
KH011833,2024-01-01,2024-03-31,1
KH011834,2024-01-01,2024-03-31,1
KH011835,2024-01-01,2024-03-31,0
KH011836,2024-01-01,2024-03-31,1
KH011837,2024-01-01,2024-03-31,1
KH011838,2024-01-01,2024-03-31,1
KH011839,2024-01-01,2024-03-31,1
KH011840,2024-01-01,2024-03-31,1
KH011841,2024-01-01,2024-03-31,1
KH011842,2024-01-01,2024-03-31,1
KH011843,2024-01-01,2024-03-31,1
KH011844,2024-01-01,2024-03-31,1
KH011845,2024-01-01,2024-03-31,0
KH011846,2024-01-01,2024-03-31,0
KH011847,2024-01-01,2024-03-31,1
KH011848,2024-01-01,2024-03-31,0
KH011849,2024-01-01,2024-03-31,1
KH011850,2024-01-01,2024-03-31,1
KH011851,2024-01-01,2024-03-31,0
KH011852,2024-01-01,2024-03-31,0
KH011853,2024-01-01,2024-03-31,1
KH011854,2024-01-01,2024-03-31,1
KH011855,2024-01-01,2024-03-31,1
KH011856,2024-01-01,2024-03-31,0
KH011857,2024-01-01,2024-03-31,1
KH011858,2024-01-01,2024-03-31,1
KH011859,2024-01-01,2024-03-31,1
KH011860,2024-01-01,2024-03-31,1
KH011861,2024-01-01,2024-03-31,1
KH011862,2024-01-01,2024-03-31,0
KH011863,2024-01-01,2024-03-31,0
KH011864,2024-01-01,2024-03-31,1
KH011865,2024-01-01,2024-03-31,1
KH011866,2024-01-01,2024-03-31,1
KH011867,2024-01-01,2024-03-31,1
KH011868,2024-01-01,2024-03-31,0
KH011869,2024-01-01,2024-03-31,1
KH011870,2024-01-01,2024-03-31,1
KH011871,2024-01-01,2024-03-31,1
KH011872,2024-01-01,2024-03-31,1
KH011873,2024-01-01,2024-03-31,1
KH011874,2024-01-01,2024-03-31,0
KH011875,2024-01-01,2024-03-31,1
KH011876,2024-01-01,2024-03-31,1
KH011877,2024-01-01,2024-03-31,1
KH011878,2024-01-01,2024-03-31,1
KH011879,2024-01-01,2024-03-31,1
KH011880,2024-01-01,2024-03-31,1
KH011881,2024-01-01,2024-03-31,0
KH011882,2024-01-01,2024-03-31,0
KH011883,2024-01-01,2024-03-31,0
KH011884,2024-01-01,2024-03-31,0
KH011885,2024-01-01,2024-03-31,1
KH011886,2024-01-01,2024-03-31,1
KH011887,2024-01-01,2024-03-31,1
KH011888,2024-01-01,2024-03-31,0
KH011889,2024-01-01,2024-03-31,1
KH011890,2024-01-01,2024-03-31,0
KH011891,2024-01-01,2024-03-31,1
KH011892,2024-01-01,2024-03-31,1
KH011893,2024-01-01,2024-03-31,1
KH011894,2024-01-01,2024-03-31,0
KH011895,2024-01-01,2024-03-31,1
KH011896,2024-01-01,2024-03-31,1
KH011897,2024-01-01,2024-03-31,0
KH011898,2024-01-01,2024-03-31,1
KH011899,2024-01-01,2024-03-31,1
KH011900,2024-01-01,2024-03-31,1
KH011901,2024-01-01,2024-03-31,1
KH011902,2024-01-01,2024-03-31,1
KH011903,2024-01-01,2024-03-31,0
KH011904,2024-01-01,2024-03-31,1
KH011905,2024-01-01,2024-03-31,1
KH011906,2024-01-01,2024-03-31,1
KH011907,2024-01-01,2024-03-31,1
KH011908,2024-01-01,2024-03-31,1
KH011909,2024-01-01,2024-03-31,0
KH011910,2024-01-01,2024-03-31,1
KH011911,2024-01-01,2024-03-31,1
KH011912,2024-01-01,2024-03-31,0
KH011913,2024-01-01,2024-03-31,1
KH011914,2024-01-01,2024-03-31,1
KH011915,2024-01-01,2024-03-31,0
KH011916,2024-01-01,2024-03-31,1
KH011917,2024-01-01,2024-03-31,0
KH011918,2024-01-01,2024-03-31,0
KH011919,2024-01-01,2024-03-31,1
KH011920,2024-01-01,2024-03-31,1
KH011921,2024-01-01,2024-03-31,1
KH011922,2024-01-01,2024-03-31,1
KH011923,2024-01-01,2024-03-31,1
KH011924,2024-01-01,2024-03-31,1
KH011925,2024-01-01,2024-03-31,1
KH011926,2024-01-01,2024-03-31,0
KH011927,2024-01-01,2024-03-31,1
KH011928,2024-01-01,2024-03-31,1
KH011929,2024-01-01,2024-03-31,1
KH011930,2024-01-01,2024-03-31,0
KH011931,2024-01-01,2024-03-31,0
KH011932,2024-01-01,2024-03-31,1
KH011933,2024-01-01,2024-03-31,0
KH011934,2024-01-01,2024-03-31,1
KH011935,2024-01-01,2024-03-31,0
KH011936,2024-01-01,2024-03-31,1
KH011937,2024-01-01,2024-03-31,1
KH011938,2024-01-01,2024-03-31,1
KH011939,2024-01-01,2024-03-31,0
KH011940,2024-01-01,2024-03-31,1
KH011941,2024-01-01,2024-03-31,1
KH011942,2024-01-01,2024-03-31,1
KH011943,2024-01-01,2024-03-31,1
KH011944,2024-01-01,2024-03-31,1
KH011945,2024-01-01,2024-03-31,1
KH011946,2024-01-01,2024-03-31,1
KH011947,2024-01-01,2024-03-31,1
KH011948,2024-01-01,2024-03-31,1
KH011949,2024-01-01,2024-03-31,1
KH011950,2024-01-01,2024-03-31,1
KH011951,2024-01-01,2024-03-31,0
KH011952,2024-01-01,2024-03-31,0
KH011953,2024-01-01,2024-03-31,0
KH011954,2024-01-01,2024-03-31,1
KH011955,2024-01-01,2024-03-31,1
KH011956,2024-01-01,2024-03-31,1
KH011957,2024-01-01,2024-03-31,1
KH011958,2024-01-01,2024-03-31,1
KH011959,2024-01-01,2024-03-31,0
KH011960,2024-01-01,2024-03-31,1
KH011961,2024-01-01,2024-03-31,1
KH011962,2024-01-01,2024-03-31,1
KH011963,2024-01-01,2024-03-31,0
KH011964,2024-01-01,2024-03-31,1
KH011965,2024-01-01,2024-03-31,0
KH011966,2024-01-01,2024-03-31,1
KH011967,2024-01-01,2024-03-31,0
KH011968,2024-01-01,2024-03-31,1
KH011969,2024-01-01,2024-03-31,1
KH011970,2024-01-01,2024-03-31,1
KH011971,2024-01-01,2024-03-31,1
KH011972,2024-01-01,2024-03-31,1
KH011973,2024-01-01,2024-03-31,0
KH011974,2024-01-01,2024-03-31,1
KH011975,2024-01-01,2024-03-31,1
KH011976,2024-01-01,2024-03-31,1
KH011977,2024-01-01,2024-03-31,1
KH011978,2024-01-01,2024-03-31,0
KH011979,2024-01-01,2024-03-31,0
KH011980,2024-01-01,2024-03-31,1
KH011981,2024-01-01,2024-03-31,0
KH011982,2024-01-01,2024-03-31,0
KH011983,2024-01-01,2024-03-31,1
KH011984,2024-01-01,2024-03-31,1
KH011985,2024-01-01,2024-03-31,1
KH011986,2024-01-01,2024-03-31,0
KH011987,2024-01-01,2024-03-31,1
KH011988,2024-01-01,2024-03-31,0
KH011989,2024-01-01,2024-03-31,0
KH011990,2024-01-01,2024-03-31,1
KH011991,2024-01-01,2024-03-31,0
KH011992,2024-01-01,2024-03-31,0
KH011993,2024-01-01,2024-03-31,1
KH011994,2024-01-01,2024-03-31,0
KH011995,2024-01-01,2024-03-31,1
KH011996,2024-01-01,2024-03-31,1
KH011997,2024-01-01,2024-03-31,1
KH011998,2024-01-01,2024-03-31,1
KH011999,2024-01-01,2024-03-31,1
KH012000,2024-01-01,2024-03-31,0
KH012001,2024-01-01,2024-03-31,1
KH012002,2024-01-01,2024-03-31,0
KH012003,2024-01-01,2024-03-31,1
KH012004,2024-01-01,2024-03-31,1
KH012005,2024-01-01,2024-03-31,1
KH012006,2024-01-01,2024-03-31,1
KH012007,2024-01-01,2024-03-31,1
KH012008,2024-01-01,2024-03-31,1
KH012009,2024-01-01,2024-03-31,1
KH012010,2024-01-01,2024-03-31,0
KH012011,2024-01-01,2024-03-31,0
KH012012,2024-01-01,2024-03-31,0
KH012013,2024-01-01,2024-03-31,1
KH012014,2024-01-01,2024-03-31,0
KH012015,2024-01-01,2024-03-31,0
KH012016,2024-01-01,2024-03-31,1
KH012017,2024-01-01,2024-03-31,1
KH012018,2024-01-01,2024-03-31,1
KH012019,2024-01-01,2024-03-31,0
KH012020,2024-01-01,2024-03-31,0
KH012021,2024-01-01,2024-03-31,0
KH012022,2024-01-01,2024-03-31,0
KH012023,2024-01-01,2024-03-31,1
KH012024,2024-01-01,2024-03-31,1
KH012025,2024-01-01,2024-03-31,1
KH012026,2024-01-01,2024-03-31,1
KH012027,2024-01-01,2024-03-31,1
KH012028,2024-01-01,2024-03-31,1
KH012029,2024-01-01,2024-03-31,1
KH012030,2024-01-01,2024-03-31,0
KH012031,2024-01-01,2024-03-31,1
KH012032,2024-01-01,2024-03-31,1
KH012033,2024-01-01,2024-03-31,1
KH012034,2024-01-01,2024-03-31,1
KH012035,2024-01-01,2024-03-31,0
KH012036,2024-01-01,2024-03-31,1
KH012037,2024-01-01,2024-03-31,1
KH012038,2024-01-01,2024-03-31,1
KH012039,2024-01-01,2024-03-31,1
KH012040,2024-01-01,2024-03-31,1
KH012041,2024-01-01,2024-03-31,0
KH012042,2024-01-01,2024-03-31,1
KH012043,2024-01-01,2024-03-31,1
KH012044,2024-01-01,2024-03-31,1
KH012045,2024-01-01,2024-03-31,1
KH012046,2024-01-01,2024-03-31,0
KH012047,2024-01-01,2024-03-31,0
KH012048,2024-01-01,2024-03-31,1
KH012049,2024-01-01,2024-03-31,1
KH012050,2024-01-01,2024-03-31,1
KH012051,2024-01-01,2024-03-31,1
KH012052,2024-01-01,2024-03-31,1
KH012053,2024-01-01,2024-03-31,0
KH012054,2024-01-01,2024-03-31,1
KH012055,2024-01-01,2024-03-31,1
KH012056,2024-01-01,2024-03-31,1
KH012057,2024-01-01,2024-03-31,1
KH012058,2024-01-01,2024-03-31,1
KH012059,2024-01-01,2024-03-31,1
KH012060,2024-01-01,2024-03-31,1
KH012061,2024-01-01,2024-03-31,1
KH012062,2024-01-01,2024-03-31,0
KH012063,2024-01-01,2024-03-31,1
KH012064,2024-01-01,2024-03-31,0
KH012065,2024-01-01,2024-03-31,1
KH012066,2024-01-01,2024-03-31,1
KH012067,2024-01-01,2024-03-31,1
KH012068,2024-01-01,2024-03-31,1
KH012069,2024-01-01,2024-03-31,0
KH012070,2024-01-01,2024-03-31,0
KH012071,2024-01-01,2024-03-31,0
KH012072,2024-01-01,2024-03-31,0
KH012073,2024-01-01,2024-03-31,0
KH012074,2024-01-01,2024-03-31,1
KH012075,2024-01-01,2024-03-31,1
KH012076,2024-01-01,2024-03-31,1
KH012077,2024-01-01,2024-03-31,1
KH012078,2024-01-01,2024-03-31,0
KH012079,2024-01-01,2024-03-31,1
KH012080,2024-01-01,2024-03-31,1
KH012081,2024-01-01,2024-03-31,0
KH012082,2024-01-01,2024-03-31,1
KH012083,2024-01-01,2024-03-31,0
KH012084,2024-01-01,2024-03-31,1
KH012085,2024-01-01,2024-03-31,1
KH012086,2024-01-01,2024-03-31,1
KH012087,2024-01-01,2024-03-31,1
KH012088,2024-01-01,2024-03-31,1
KH012089,2024-01-01,2024-03-31,1
KH012090,2024-01-01,2024-03-31,0
KH012091,2024-01-01,2024-03-31,0
KH012092,2024-01-01,2024-03-31,1
KH012093,2024-01-01,2024-03-31,1
KH012094,2024-01-01,2024-03-31,1
KH012095,2024-01-01,2024-03-31,1
KH012096,2024-01-01,2024-03-31,0
KH012097,2024-01-01,2024-03-31,1
KH012098,2024-01-01,2024-03-31,1
KH012099,2024-01-01,2024-03-31,1
KH012100,2024-01-01,2024-03-31,1
KH012101,2024-01-01,2024-03-31,0
KH012102,2024-01-01,2024-03-31,1
KH012103,2024-01-01,2024-03-31,0
KH012104,2024-01-01,2024-03-31,0
KH012105,2024-01-01,2024-03-31,0
KH012106,2024-01-01,2024-03-31,1
KH012107,2024-01-01,2024-03-31,1
KH012108,2024-01-01,2024-03-31,0
KH012109,2024-01-01,2024-03-31,1
KH012110,2024-01-01,2024-03-31,0
KH012111,2024-01-01,2024-03-31,1
KH012112,2024-01-01,2024-03-31,0
KH012113,2024-01-01,2024-03-31,1
KH012114,2024-01-01,2024-03-31,0
KH012115,2024-01-01,2024-03-31,0
KH012116,2024-01-01,2024-03-31,1
KH012117,2024-01-01,2024-03-31,1
KH012118,2024-01-01,2024-03-31,1
KH012119,2024-01-01,2024-03-31,1
KH012120,2024-01-01,2024-03-31,0
KH012121,2024-01-01,2024-03-31,1
KH012122,2024-01-01,2024-03-31,1
KH012123,2024-01-01,2024-03-31,1
KH012124,2024-01-01,2024-03-31,1
KH012125,2024-01-01,2024-03-31,1
KH012126,2024-01-01,2024-03-31,0
KH012127,2024-01-01,2024-03-31,1
KH012128,2024-01-01,2024-03-31,0
KH012129,2024-01-01,2024-03-31,1
KH012130,2024-01-01,2024-03-31,1
KH012131,2024-01-01,2024-03-31,0
KH012132,2024-01-01,2024-03-31,0
KH012133,2024-01-01,2024-03-31,1
KH012134,2024-01-01,2024-03-31,0
KH012135,2024-01-01,2024-03-31,0
KH012136,2024-01-01,2024-03-31,1
KH012137,2024-01-01,2024-03-31,0
KH012138,2024-01-01,2024-03-31,0
KH012139,2024-01-01,2024-03-31,1
KH012140,2024-01-01,2024-03-31,1
KH012141,2024-01-01,2024-03-31,0
KH012142,2024-01-01,2024-03-31,1
KH012143,2024-01-01,2024-03-31,0
KH012144,2024-01-01,2024-03-31,0
KH012145,2024-01-01,2024-03-31,0
KH012146,2024-01-01,2024-03-31,1
KH012147,2024-01-01,2024-03-31,1
KH012148,2024-01-01,2024-03-31,0
KH012149,2024-01-01,2024-03-31,1
KH012150,2024-01-01,2024-03-31,0
KH012151,2024-01-01,2024-03-31,1
KH012152,2024-01-01,2024-03-31,1
KH012153,2024-01-01,2024-03-31,1
KH012154,2024-01-01,2024-03-31,1
KH012155,2024-01-01,2024-03-31,1
KH012156,2024-01-01,2024-03-31,1
KH012157,2024-01-01,2024-03-31,1
KH012158,2024-01-01,2024-03-31,1
KH012159,2024-01-01,2024-03-31,1
KH012160,2024-01-01,2024-03-31,1
KH012161,2024-01-01,2024-03-31,1
KH012162,2024-01-01,2024-03-31,1
KH012163,2024-01-01,2024-03-31,0
KH012164,2024-01-01,2024-03-31,1
KH012165,2024-01-01,2024-03-31,1
KH012166,2024-01-01,2024-03-31,1
KH012167,2024-01-01,2024-03-31,1
KH012168,2024-01-01,2024-03-31,1
KH012169,2024-01-01,2024-03-31,0
KH012170,2024-01-01,2024-03-31,1
KH012171,2024-01-01,2024-03-31,0
KH012172,2024-01-01,2024-03-31,0
KH012173,2024-01-01,2024-03-31,0
KH012174,2024-01-01,2024-03-31,1
KH012175,2024-01-01,2024-03-31,1
KH012176,2024-01-01,2024-03-31,0
KH012177,2024-01-01,2024-03-31,0
KH012178,2024-01-01,2024-03-31,1
KH012179,2024-01-01,2024-03-31,0
KH012180,2024-01-01,2024-03-31,0
KH012181,2024-01-01,2024-03-31,1
KH012182,2024-01-01,2024-03-31,0
KH012183,2024-01-01,2024-03-31,1
KH012184,2024-01-01,2024-03-31,0
KH012185,2024-01-01,2024-03-31,0
KH012186,2024-01-01,2024-03-31,1
KH012187,2024-01-01,2024-03-31,1
KH012188,2024-01-01,2024-03-31,0
KH012189,2024-01-01,2024-03-31,1
KH012190,2024-01-01,2024-03-31,1
KH012191,2024-01-01,2024-03-31,1
KH012192,2024-01-01,2024-03-31,1
KH012193,2024-01-01,2024-03-31,1
KH012194,2024-01-01,2024-03-31,1
KH012195,2024-01-01,2024-03-31,1
KH012196,2024-01-01,2024-03-31,0
KH012197,2024-01-01,2024-03-31,1
KH012198,2024-01-01,2024-03-31,1
KH012199,2024-01-01,2024-03-31,1
KH012200,2024-01-01,2024-03-31,1
KH012201,2024-01-01,2024-03-31,1
KH012202,2024-01-01,2024-03-31,1
KH012203,2024-01-01,2024-03-31,1
KH012204,2024-01-01,2024-03-31,1
KH012205,2024-01-01,2024-03-31,1
KH012206,2024-01-01,2024-03-31,0
KH012207,2024-01-01,2024-03-31,1
KH012208,2024-01-01,2024-03-31,1
KH012209,2024-01-01,2024-03-31,1
KH012210,2024-01-01,2024-03-31,1
KH012211,2024-01-01,2024-03-31,1
KH012212,2024-01-01,2024-03-31,1
KH012213,2024-01-01,2024-03-31,1
KH012214,2024-01-01,2024-03-31,1
KH012215,2024-01-01,2024-03-31,1
KH012216,2024-01-01,2024-03-31,1
KH012217,2024-01-01,2024-03-31,1
KH012218,2024-01-01,2024-03-31,1
KH012219,2024-01-01,2024-03-31,1
KH012220,2024-01-01,2024-03-31,1
KH012221,2024-01-01,2024-03-31,1
KH012222,2024-01-01,2024-03-31,1
KH012223,2024-01-01,2024-03-31,0
KH012224,2024-01-01,2024-03-31,1
KH012225,2024-01-01,2024-03-31,1
KH012226,2024-01-01,2024-03-31,1
KH012227,2024-01-01,2024-03-31,1
KH012228,2024-01-01,2024-03-31,0
KH012229,2024-01-01,2024-03-31,1
KH012230,2024-01-01,2024-03-31,1
KH012231,2024-01-01,2024-03-31,1
KH012232,2024-01-01,2024-03-31,0
KH012233,2024-01-01,2024-03-31,1
KH012234,2024-01-01,2024-03-31,1
KH012235,2024-01-01,2024-03-31,1
KH012236,2024-01-01,2024-03-31,1
KH012237,2024-01-01,2024-03-31,0
KH012238,2024-01-01,2024-03-31,1
KH012239,2024-01-01,2024-03-31,1
KH012240,2024-01-01,2024-03-31,0
KH012241,2024-01-01,2024-03-31,1
KH012242,2024-01-01,2024-03-31,0
KH012243,2024-01-01,2024-03-31,0
KH012244,2024-01-01,2024-03-31,1
KH012245,2024-01-01,2024-03-31,1
KH012246,2024-01-01,2024-03-31,0
KH012247,2024-01-01,2024-03-31,1
KH012248,2024-01-01,2024-03-31,1
KH012249,2024-01-01,2024-03-31,1
KH012250,2024-01-01,2024-03-31,0
KH012251,2024-01-01,2024-03-31,1
KH012252,2024-01-01,2024-03-31,0
KH012253,2024-01-01,2024-03-31,1
KH012254,2024-01-01,2024-03-31,0
KH012255,2024-01-01,2024-03-31,1
KH012256,2024-01-01,2024-03-31,0
KH012257,2024-01-01,2024-03-31,0
KH012258,2024-01-01,2024-03-31,0
KH012259,2024-01-01,2024-03-31,1
KH012260,2024-01-01,2024-03-31,1
KH012261,2024-01-01,2024-03-31,1
KH012262,2024-01-01,2024-03-31,0
KH012263,2024-01-01,2024-03-31,1
KH012264,2024-01-01,2024-03-31,0
KH012265,2024-01-01,2024-03-31,0
KH012266,2024-01-01,2024-03-31,1
KH012267,2024-01-01,2024-03-31,1
KH012268,2024-01-01,2024-03-31,1
KH012269,2024-01-01,2024-03-31,1
KH012270,2024-01-01,2024-03-31,1
KH012271,2024-01-01,2024-03-31,1
KH012272,2024-01-01,2024-03-31,1
KH012273,2024-01-01,2024-03-31,1
KH012274,2024-01-01,2024-03-31,1
KH012275,2024-01-01,2024-03-31,0
KH012276,2024-01-01,2024-03-31,1
KH012277,2024-01-01,2024-03-31,0
KH012278,2024-01-01,2024-03-31,1
KH012279,2024-01-01,2024-03-31,1
KH012280,2024-01-01,2024-03-31,1
KH012281,2024-01-01,2024-03-31,1
KH012282,2024-01-01,2024-03-31,1
KH012283,2024-01-01,2024-03-31,1
KH012284,2024-01-01,2024-03-31,1
KH012285,2024-01-01,2024-03-31,1
KH012286,2024-01-01,2024-03-31,1
KH012287,2024-01-01,2024-03-31,0
KH012288,2024-01-01,2024-03-31,0
KH012289,2024-01-01,2024-03-31,0
KH012290,2024-01-01,2024-03-31,1
KH012291,2024-01-01,2024-03-31,1
KH012292,2024-01-01,2024-03-31,0
KH012293,2024-01-01,2024-03-31,1
KH012294,2024-01-01,2024-03-31,1
KH012295,2024-01-01,2024-03-31,1
KH012296,2024-01-01,2024-03-31,1
KH012297,2024-01-01,2024-03-31,1
KH012298,2024-01-01,2024-03-31,1
KH012299,2024-01-01,2024-03-31,0
KH012300,2024-01-01,2024-03-31,0
KH012301,2024-01-01,2024-03-31,0
KH012302,2024-01-01,2024-03-31,1
KH012303,2024-01-01,2024-03-31,1
KH012304,2024-01-01,2024-03-31,0
KH012305,2024-01-01,2024-03-31,1
KH012306,2024-01-01,2024-03-31,1
KH012307,2024-01-01,2024-03-31,1
KH012308,2024-01-01,2024-03-31,1
KH012309,2024-01-01,2024-03-31,1
KH012310,2024-01-01,2024-03-31,1
KH012311,2024-01-01,2024-03-31,0
KH012312,2024-01-01,2024-03-31,1
KH012313,2024-01-01,2024-03-31,1
KH012314,2024-01-01,2024-03-31,1
KH012315,2024-01-01,2024-03-31,1
KH012316,2024-01-01,2024-03-31,1
KH012317,2024-01-01,2024-03-31,1
KH012318,2024-01-01,2024-03-31,1
KH012319,2024-01-01,2024-03-31,1
KH012320,2024-01-01,2024-03-31,1
KH012321,2024-01-01,2024-03-31,1
KH012322,2024-01-01,2024-03-31,1
KH012323,2024-01-01,2024-03-31,0
KH012324,2024-01-01,2024-03-31,1
KH012325,2024-01-01,2024-03-31,1
KH012326,2024-01-01,2024-03-31,1
KH012327,2024-01-01,2024-03-31,0
KH012328,2024-01-01,2024-03-31,0
KH012329,2024-01-01,2024-03-31,1
KH012330,2024-01-01,2024-03-31,1
KH012331,2024-01-01,2024-03-31,1
KH012332,2024-01-01,2024-03-31,1
KH012333,2024-01-01,2024-03-31,1
KH012334,2024-01-01,2024-03-31,1
KH012335,2024-01-01,2024-03-31,1
KH012336,2024-01-01,2024-03-31,0
KH012337,2024-01-01,2024-03-31,0
KH012338,2024-01-01,2024-03-31,0
KH012339,2024-01-01,2024-03-31,1
KH012340,2024-01-01,2024-03-31,1
KH012341,2024-01-01,2024-03-31,0
KH012342,2024-01-01,2024-03-31,1
KH012343,2024-01-01,2024-03-31,1
KH012344,2024-01-01,2024-03-31,1
KH012345,2024-01-01,2024-03-31,1
KH012346,2024-01-01,2024-03-31,0
KH012347,2024-01-01,2024-03-31,1
KH012348,2024-01-01,2024-03-31,1
KH012349,2024-01-01,2024-03-31,1
KH012350,2024-01-01,2024-03-31,1
KH012351,2024-01-01,2024-03-31,0
KH012352,2024-01-01,2024-03-31,0
KH012353,2024-01-01,2024-03-31,1
KH012354,2024-01-01,2024-03-31,0
KH012355,2024-01-01,2024-03-31,1
KH012356,2024-01-01,2024-03-31,1
KH012357,2024-01-01,2024-03-31,1
KH012358,2024-01-01,2024-03-31,0
KH012359,2024-01-01,2024-03-31,0
KH012360,2024-01-01,2024-03-31,0
KH012361,2024-01-01,2024-03-31,1
KH012362,2024-01-01,2024-03-31,1
KH012363,2024-01-01,2024-03-31,1
KH012364,2024-01-01,2024-03-31,1
KH012365,2024-01-01,2024-03-31,1
KH012366,2024-01-01,2024-03-31,1
KH012367,2024-01-01,2024-03-31,1
KH012368,2024-01-01,2024-03-31,0
KH012369,2024-01-01,2024-03-31,1
KH012370,2024-01-01,2024-03-31,1
KH012371,2024-01-01,2024-03-31,1
KH012372,2024-01-01,2024-03-31,1
KH012373,2024-01-01,2024-03-31,1
KH012374,2024-01-01,2024-03-31,1
KH012375,2024-01-01,2024-03-31,0
KH012376,2024-01-01,2024-03-31,1
KH012377,2024-01-01,2024-03-31,1
KH012378,2024-01-01,2024-03-31,0
KH012379,2024-01-01,2024-03-31,1
KH012380,2024-01-01,2024-03-31,1
KH012381,2024-01-01,2024-03-31,0
KH012382,2024-01-01,2024-03-31,1
KH012383,2024-01-01,2024-03-31,1
KH012384,2024-01-01,2024-03-31,1
KH012385,2024-01-01,2024-03-31,1
KH012386,2024-01-01,2024-03-31,1
KH012387,2024-01-01,2024-03-31,1
KH012388,2024-01-01,2024-03-31,1
KH012389,2024-01-01,2024-03-31,0
KH012390,2024-01-01,2024-03-31,0
KH012391,2024-01-01,2024-03-31,1
KH012392,2024-01-01,2024-03-31,1
KH012393,2024-01-01,2024-03-31,1
KH012394,2024-01-01,2024-03-31,1
KH012395,2024-01-01,2024-03-31,1
KH012396,2024-01-01,2024-03-31,1
KH012397,2024-01-01,2024-03-31,1
KH012398,2024-01-01,2024-03-31,1
KH012399,2024-01-01,2024-03-31,0
KH012400,2024-01-01,2024-03-31,1
KH012401,2024-01-01,2024-03-31,0
KH012402,2024-01-01,2024-03-31,1
KH012403,2024-01-01,2024-03-31,0
KH012404,2024-01-01,2024-03-31,1
KH012405,2024-01-01,2024-03-31,1
KH012406,2024-01-01,2024-03-31,0
KH012407,2024-01-01,2024-03-31,1
KH012408,2024-01-01,2024-03-31,1
KH012409,2024-01-01,2024-03-31,1
KH012410,2024-01-01,2024-03-31,1
KH012411,2024-01-01,2024-03-31,1
KH012412,2024-01-01,2024-03-31,1
KH012413,2024-01-01,2024-03-31,0
KH012414,2024-01-01,2024-03-31,1
KH012415,2024-01-01,2024-03-31,1
KH012416,2024-01-01,2024-03-31,0
KH012417,2024-01-01,2024-03-31,1
KH012418,2024-01-01,2024-03-31,0
KH012419,2024-01-01,2024-03-31,0
KH012420,2024-01-01,2024-03-31,0
KH012421,2024-01-01,2024-03-31,0
KH012422,2024-01-01,2024-03-31,0
KH012423,2024-01-01,2024-03-31,0
KH012424,2024-01-01,2024-03-31,1
KH012425,2024-01-01,2024-03-31,0
KH012426,2024-01-01,2024-03-31,0
KH012427,2024-01-01,2024-03-31,0
KH012428,2024-01-01,2024-03-31,0
KH012429,2024-01-01,2024-03-31,1
KH012430,2024-01-01,2024-03-31,1
KH012431,2024-01-01,2024-03-31,1
KH012432,2024-01-01,2024-03-31,1
KH012433,2024-01-01,2024-03-31,1
KH012434,2024-01-01,2024-03-31,1
KH012435,2024-01-01,2024-03-31,0
KH012436,2024-01-01,2024-03-31,1
KH012437,2024-01-01,2024-03-31,1
KH012438,2024-01-01,2024-03-31,1
KH012439,2024-01-01,2024-03-31,0
KH012440,2024-01-01,2024-03-31,0
KH012441,2024-01-01,2024-03-31,1
KH012442,2024-01-01,2024-03-31,0
KH012443,2024-01-01,2024-03-31,0
KH012444,2024-01-01,2024-03-31,0
KH012445,2024-01-01,2024-03-31,1
KH012446,2024-01-01,2024-03-31,0
KH012447,2024-01-01,2024-03-31,1
KH012448,2024-01-01,2024-03-31,1
KH012449,2024-01-01,2024-03-31,1
KH012450,2024-01-01,2024-03-31,0
KH012451,2024-01-01,2024-03-31,0
KH012452,2024-01-01,2024-03-31,0
KH012453,2024-01-01,2024-03-31,1
KH012454,2024-01-01,2024-03-31,1
KH012455,2024-01-01,2024-03-31,1
KH012456,2024-01-01,2024-03-31,1
KH012457,2024-01-01,2024-03-31,1
KH012458,2024-01-01,2024-03-31,1
KH012459,2024-01-01,2024-03-31,1
KH012460,2024-01-01,2024-03-31,1
KH012461,2024-01-01,2024-03-31,1
KH012462,2024-01-01,2024-03-31,0
KH012463,2024-01-01,2024-03-31,1
KH012464,2024-01-01,2024-03-31,0
KH012465,2024-01-01,2024-03-31,1
KH012466,2024-01-01,2024-03-31,1
KH012467,2024-01-01,2024-03-31,1
KH012468,2024-01-01,2024-03-31,1
KH012469,2024-01-01,2024-03-31,1
KH012470,2024-01-01,2024-03-31,0
KH012471,2024-01-01,2024-03-31,0
KH012472,2024-01-01,2024-03-31,1
KH012473,2024-01-01,2024-03-31,0
KH012474,2024-01-01,2024-03-31,1
KH012475,2024-01-01,2024-03-31,0
KH012476,2024-01-01,2024-03-31,1
KH012477,2024-01-01,2024-03-31,1
KH012478,2024-01-01,2024-03-31,1
KH012479,2024-01-01,2024-03-31,1
KH012480,2024-01-01,2024-03-31,1
KH012481,2024-01-01,2024-03-31,0
KH012482,2024-01-01,2024-03-31,1
KH012483,2024-01-01,2024-03-31,1
KH012484,2024-01-01,2024-03-31,1
KH012485,2024-01-01,2024-03-31,1
KH012486,2024-01-01,2024-03-31,1
KH012487,2024-01-01,2024-03-31,1
KH012488,2024-01-01,2024-03-31,0
KH012489,2024-01-01,2024-03-31,0
KH012490,2024-01-01,2024-03-31,1
KH012491,2024-01-01,2024-03-31,0
KH012492,2024-01-01,2024-03-31,1
KH012493,2024-01-01,2024-03-31,1
KH012494,2024-01-01,2024-03-31,0
KH012495,2024-01-01,2024-03-31,1
KH012496,2024-01-01,2024-03-31,1
KH012497,2024-01-01,2024-03-31,1
KH012498,2024-01-01,2024-03-31,1
KH012499,2024-01-01,2024-03-31,0
KH012500,2024-01-01,2024-03-31,1
KH012501,2024-01-01,2024-03-31,1
KH012502,2024-01-01,2024-03-31,1
KH012503,2024-01-01,2024-03-31,1
KH012504,2024-01-01,2024-03-31,0
KH012505,2024-01-01,2024-03-31,1
KH012506,2024-01-01,2024-03-31,1
KH012507,2024-01-01,2024-03-31,1
KH012508,2024-01-01,2024-03-31,1
KH012509,2024-01-01,2024-03-31,1
KH012510,2024-01-01,2024-03-31,1
KH012511,2024-01-01,2024-03-31,1
KH012512,2024-01-01,2024-03-31,0
KH012513,2024-01-01,2024-03-31,1
KH012514,2024-01-01,2024-03-31,1
KH012515,2024-01-01,2024-03-31,0
KH012516,2024-01-01,2024-03-31,1
KH012517,2024-01-01,2024-03-31,1
KH012518,2024-01-01,2024-03-31,1
KH012519,2024-01-01,2024-03-31,1
KH012520,2024-01-01,2024-03-31,1
KH012521,2024-01-01,2024-03-31,0
KH012522,2024-01-01,2024-03-31,0
KH012523,2024-01-01,2024-03-31,1
KH012524,2024-01-01,2024-03-31,1
KH012525,2024-01-01,2024-03-31,1
KH012526,2024-01-01,2024-03-31,1
KH012527,2024-01-01,2024-03-31,1
KH012528,2024-01-01,2024-03-31,1
KH012529,2024-01-01,2024-03-31,1
KH012530,2024-01-01,2024-03-31,0
KH012531,2024-01-01,2024-03-31,1
KH012532,2024-01-01,2024-03-31,0
KH012533,2024-01-01,2024-03-31,1
KH012534,2024-01-01,2024-03-31,0
KH012535,2024-01-01,2024-03-31,0
KH012536,2024-01-01,2024-03-31,1
KH012537,2024-01-01,2024-03-31,1
KH012538,2024-01-01,2024-03-31,1
KH012539,2024-01-01,2024-03-31,1
KH012540,2024-01-01,2024-03-31,0
KH012541,2024-01-01,2024-03-31,1
KH012542,2024-01-01,2024-03-31,1
KH012543,2024-01-01,2024-03-31,1
KH012544,2024-01-01,2024-03-31,1
KH012545,2024-01-01,2024-03-31,1
KH012546,2024-01-01,2024-03-31,0
KH012547,2024-01-01,2024-03-31,1
KH012548,2024-01-01,2024-03-31,0
KH012549,2024-01-01,2024-03-31,1
KH012550,2024-01-01,2024-03-31,1
KH012551,2024-01-01,2024-03-31,1
KH012552,2024-01-01,2024-03-31,1
KH012553,2024-01-01,2024-03-31,0
KH012554,2024-01-01,2024-03-31,1
KH012555,2024-01-01,2024-03-31,1
KH012556,2024-01-01,2024-03-31,0
KH012557,2024-01-01,2024-03-31,1
KH012558,2024-01-01,2024-03-31,1
KH012559,2024-01-01,2024-03-31,0
KH012560,2024-01-01,2024-03-31,1
KH012561,2024-01-01,2024-03-31,1
KH012562,2024-01-01,2024-03-31,1
KH012563,2024-01-01,2024-03-31,1
KH012564,2024-01-01,2024-03-31,1
KH012565,2024-01-01,2024-03-31,1
KH012566,2024-01-01,2024-03-31,1
KH012567,2024-01-01,2024-03-31,0
KH012568,2024-01-01,2024-03-31,1
KH012569,2024-01-01,2024-03-31,0
KH012570,2024-01-01,2024-03-31,0
KH012571,2024-01-01,2024-03-31,1
KH012572,2024-01-01,2024-03-31,1
KH012573,2024-01-01,2024-03-31,1
KH012574,2024-01-01,2024-03-31,1
KH012575,2024-01-01,2024-03-31,1
KH012576,2024-01-01,2024-03-31,1
KH012577,2024-01-01,2024-03-31,1
KH012578,2024-01-01,2024-03-31,1
KH012579,2024-01-01,2024-03-31,1
KH012580,2024-01-01,2024-03-31,0
KH012581,2024-01-01,2024-03-31,0
KH012582,2024-01-01,2024-03-31,1
KH012583,2024-01-01,2024-03-31,0
KH012584,2024-01-01,2024-03-31,1
KH012585,2024-01-01,2024-03-31,0
KH012586,2024-01-01,2024-03-31,0
KH012587,2024-01-01,2024-03-31,0
KH012588,2024-01-01,2024-03-31,1
KH012589,2024-01-01,2024-03-31,0
KH012590,2024-01-01,2024-03-31,1
KH012591,2024-01-01,2024-03-31,1
KH012592,2024-01-01,2024-03-31,1
KH012593,2024-01-01,2024-03-31,1
KH012594,2024-01-01,2024-03-31,1
KH012595,2024-01-01,2024-03-31,1
KH012596,2024-01-01,2024-03-31,1
KH012597,2024-01-01,2024-03-31,1
KH012598,2024-01-01,2024-03-31,1
KH012599,2024-01-01,2024-03-31,1
KH012600,2024-01-01,2024-03-31,0
KH012601,2024-01-01,2024-03-31,1
KH012602,2024-01-01,2024-03-31,0
KH012603,2024-01-01,2024-03-31,0
KH012604,2024-01-01,2024-03-31,0
KH012605,2024-01-01,2024-03-31,0
KH012606,2024-01-01,2024-03-31,0
KH012607,2024-01-01,2024-03-31,1
KH012608,2024-01-01,2024-03-31,0
KH012609,2024-01-01,2024-03-31,0
KH012610,2024-01-01,2024-03-31,1
KH012611,2024-01-01,2024-03-31,0
KH012612,2024-01-01,2024-03-31,0
KH012613,2024-01-01,2024-03-31,0
KH012614,2024-01-01,2024-03-31,1
KH012615,2024-01-01,2024-03-31,1
KH012616,2024-01-01,2024-03-31,0
KH012617,2024-01-01,2024-03-31,0
KH012618,2024-01-01,2024-03-31,1
KH012619,2024-01-01,2024-03-31,1
KH012620,2024-01-01,2024-03-31,1
KH012621,2024-01-01,2024-03-31,0
KH012622,2024-01-01,2024-03-31,0
KH012623,2024-01-01,2024-03-31,0
KH012624,2024-01-01,2024-03-31,1
KH012625,2024-01-01,2024-03-31,1
KH012626,2024-01-01,2024-03-31,1
KH012627,2024-01-01,2024-03-31,1
KH012628,2024-01-01,2024-03-31,1
KH012629,2024-01-01,2024-03-31,0
KH012630,2024-01-01,2024-03-31,1
KH012631,2024-01-01,2024-03-31,1
KH012632,2024-01-01,2024-03-31,1
KH012633,2024-01-01,2024-03-31,0
KH012634,2024-01-01,2024-03-31,0
KH012635,2024-01-01,2024-03-31,1
KH012636,2024-01-01,2024-03-31,1
KH012637,2024-01-01,2024-03-31,0
KH012638,2024-01-01,2024-03-31,0
KH012639,2024-01-01,2024-03-31,0
KH012640,2024-01-01,2024-03-31,1
KH012641,2024-01-01,2024-03-31,1
KH012642,2024-01-01,2024-03-31,0
KH012643,2024-01-01,2024-03-31,0
KH012644,2024-01-01,2024-03-31,1
KH012645,2024-01-01,2024-03-31,1
KH012646,2024-01-01,2024-03-31,1
KH012647,2024-01-01,2024-03-31,1
KH012648,2024-01-01,2024-03-31,1
KH012649,2024-01-01,2024-03-31,1
KH012650,2024-01-01,2024-03-31,1
KH012651,2024-01-01,2024-03-31,0
KH012652,2024-01-01,2024-03-31,0
KH012653,2024-01-01,2024-03-31,1
KH012654,2024-01-01,2024-03-31,0
KH012655,2024-01-01,2024-03-31,0
KH012656,2024-01-01,2024-03-31,0
KH012657,2024-01-01,2024-03-31,1
KH012658,2024-01-01,2024-03-31,1
KH012659,2024-01-01,2024-03-31,0
KH012660,2024-01-01,2024-03-31,1
KH012661,2024-01-01,2024-03-31,1
KH012662,2024-01-01,2024-03-31,0
KH012663,2024-01-01,2024-03-31,1
KH012664,2024-01-01,2024-03-31,1
KH012665,2024-01-01,2024-03-31,1
KH012666,2024-01-01,2024-03-31,0
KH012667,2024-01-01,2024-03-31,1
KH012668,2024-01-01,2024-03-31,1
KH012669,2024-01-01,2024-03-31,0
KH012670,2024-01-01,2024-03-31,1
KH012671,2024-01-01,2024-03-31,1
KH012672,2024-01-01,2024-03-31,1
KH012673,2024-01-01,2024-03-31,1
KH012674,2024-01-01,2024-03-31,1
KH012675,2024-01-01,2024-03-31,0
KH012676,2024-01-01,2024-03-31,1
KH012677,2024-01-01,2024-03-31,1
KH012678,2024-01-01,2024-03-31,1
KH012679,2024-01-01,2024-03-31,0
KH012680,2024-01-01,2024-03-31,1
KH012681,2024-01-01,2024-03-31,0
KH012682,2024-01-01,2024-03-31,0
KH012683,2024-01-01,2024-03-31,1
KH012684,2024-01-01,2024-03-31,1
KH012685,2024-01-01,2024-03-31,0
KH012686,2024-01-01,2024-03-31,1
KH012687,2024-01-01,2024-03-31,1
KH012688,2024-01-01,2024-03-31,1
KH012689,2024-01-01,2024-03-31,0
KH012690,2024-01-01,2024-03-31,0
KH012691,2024-01-01,2024-03-31,1
KH012692,2024-01-01,2024-03-31,0
KH012693,2024-01-01,2024-03-31,1
KH012694,2024-01-01,2024-03-31,1
KH012695,2024-01-01,2024-03-31,1
KH012696,2024-01-01,2024-03-31,1
KH012697,2024-01-01,2024-03-31,1
KH012698,2024-01-01,2024-03-31,1
KH012699,2024-01-01,2024-03-31,0
KH012700,2024-01-01,2024-03-31,1
KH012701,2024-01-01,2024-03-31,0
KH012702,2024-01-01,2024-03-31,0
KH012703,2024-01-01,2024-03-31,0
KH012704,2024-01-01,2024-03-31,1
KH012705,2024-01-01,2024-03-31,1
KH012706,2024-01-01,2024-03-31,1
KH012707,2024-01-01,2024-03-31,1
KH012708,2024-01-01,2024-03-31,1
KH012709,2024-01-01,2024-03-31,0
KH012710,2024-01-01,2024-03-31,1
KH012711,2024-01-01,2024-03-31,1
KH012712,2024-01-01,2024-03-31,1
KH012713,2024-01-01,2024-03-31,1
KH012714,2024-01-01,2024-03-31,1
KH012715,2024-01-01,2024-03-31,0
KH012716,2024-01-01,2024-03-31,1
KH012717,2024-01-01,2024-03-31,1
KH012718,2024-01-01,2024-03-31,0
KH012719,2024-01-01,2024-03-31,1
KH012720,2024-01-01,2024-03-31,1
KH012721,2024-01-01,2024-03-31,1
KH012722,2024-01-01,2024-03-31,1
KH012723,2024-01-01,2024-03-31,1
KH012724,2024-01-01,2024-03-31,1
KH012725,2024-01-01,2024-03-31,0
KH012726,2024-01-01,2024-03-31,1
KH012727,2024-01-01,2024-03-31,1
KH012728,2024-01-01,2024-03-31,0
KH012729,2024-01-01,2024-03-31,0
KH012730,2024-01-01,2024-03-31,0
KH012731,2024-01-01,2024-03-31,1
KH012732,2024-01-01,2024-03-31,1
KH012733,2024-01-01,2024-03-31,1
KH012734,2024-01-01,2024-03-31,1
KH012735,2024-01-01,2024-03-31,1
KH012736,2024-01-01,2024-03-31,1
KH012737,2024-01-01,2024-03-31,0
KH012738,2024-01-01,2024-03-31,0
KH012739,2024-01-01,2024-03-31,1
KH012740,2024-01-01,2024-03-31,0
KH012741,2024-01-01,2024-03-31,0
KH012742,2024-01-01,2024-03-31,1
KH012743,2024-01-01,2024-03-31,1
KH012744,2024-01-01,2024-03-31,1
KH012745,2024-01-01,2024-03-31,0
KH012746,2024-01-01,2024-03-31,0
KH012747,2024-01-01,2024-03-31,0
KH012748,2024-01-01,2024-03-31,1
KH012749,2024-01-01,2024-03-31,1
KH012750,2024-01-01,2024-03-31,0
KH012751,2024-01-01,2024-03-31,1
KH012752,2024-01-01,2024-03-31,1
KH012753,2024-01-01,2024-03-31,0
KH012754,2024-01-01,2024-03-31,1
KH012755,2024-01-01,2024-03-31,1
KH012756,2024-01-01,2024-03-31,1
KH012757,2024-01-01,2024-03-31,1
KH012758,2024-01-01,2024-03-31,1
KH012759,2024-01-01,2024-03-31,1
KH012760,2024-01-01,2024-03-31,0
KH012761,2024-01-01,2024-03-31,1
KH012762,2024-01-01,2024-03-31,0
KH012763,2024-01-01,2024-03-31,1
KH012764,2024-01-01,2024-03-31,1
KH012765,2024-01-01,2024-03-31,0
KH012766,2024-01-01,2024-03-31,1
KH012767,2024-01-01,2024-03-31,0
KH012768,2024-01-01,2024-03-31,1
KH012769,2024-01-01,2024-03-31,1
KH012770,2024-01-01,2024-03-31,1
KH012771,2024-01-01,2024-03-31,0
KH012772,2024-01-01,2024-03-31,0
KH012773,2024-01-01,2024-03-31,1
KH012774,2024-01-01,2024-03-31,0
KH012775,2024-01-01,2024-03-31,1
KH012776,2024-01-01,2024-03-31,1
KH012777,2024-01-01,2024-03-31,1
KH012778,2024-01-01,2024-03-31,1
KH012779,2024-01-01,2024-03-31,1
KH012780,2024-01-01,2024-03-31,1
KH012781,2024-01-01,2024-03-31,0
KH012782,2024-01-01,2024-03-31,1
KH012783,2024-01-01,2024-03-31,0
KH012784,2024-01-01,2024-03-31,1
KH012785,2024-01-01,2024-03-31,1
KH012786,2024-01-01,2024-03-31,0
KH012787,2024-01-01,2024-03-31,1
KH012788,2024-01-01,2024-03-31,0
KH012789,2024-01-01,2024-03-31,0
KH012790,2024-01-01,2024-03-31,1
KH012791,2024-01-01,2024-03-31,1
KH012792,2024-01-01,2024-03-31,1
KH012793,2024-01-01,2024-03-31,1
KH012794,2024-01-01,2024-03-31,0
KH012795,2024-01-01,2024-03-31,1
KH012796,2024-01-01,2024-03-31,1
KH012797,2024-01-01,2024-03-31,1
KH012798,2024-01-01,2024-03-31,1
KH012799,2024-01-01,2024-03-31,1
KH012800,2024-01-01,2024-03-31,1
KH012801,2024-01-01,2024-03-31,1
KH012802,2024-01-01,2024-03-31,0
KH012803,2024-01-01,2024-03-31,1
KH012804,2024-01-01,2024-03-31,1
KH012805,2024-01-01,2024-03-31,0
KH012806,2024-01-01,2024-03-31,1
KH012807,2024-01-01,2024-03-31,1
KH012808,2024-01-01,2024-03-31,0
KH012809,2024-01-01,2024-03-31,1
KH012810,2024-01-01,2024-03-31,0
KH012811,2024-01-01,2024-03-31,0
KH012812,2024-01-01,2024-03-31,1
KH012813,2024-01-01,2024-03-31,1
KH012814,2024-01-01,2024-03-31,0
KH012815,2024-01-01,2024-03-31,1
KH012816,2024-01-01,2024-03-31,1
KH012817,2024-01-01,2024-03-31,1
KH012818,2024-01-01,2024-03-31,0
KH012819,2024-01-01,2024-03-31,1
KH012820,2024-01-01,2024-03-31,1
KH012821,2024-01-01,2024-03-31,1
KH012822,2024-01-01,2024-03-31,1
KH012823,2024-01-01,2024-03-31,0
KH012824,2024-01-01,2024-03-31,1
KH012825,2024-01-01,2024-03-31,0
KH012826,2024-01-01,2024-03-31,0
KH012827,2024-01-01,2024-03-31,1
KH012828,2024-01-01,2024-03-31,0
KH012829,2024-01-01,2024-03-31,0
KH012830,2024-01-01,2024-03-31,0
KH012831,2024-01-01,2024-03-31,1
KH012832,2024-01-01,2024-03-31,1
KH012833,2024-01-01,2024-03-31,1
KH012834,2024-01-01,2024-03-31,1
KH012835,2024-01-01,2024-03-31,1
KH012836,2024-01-01,2024-03-31,0
KH012837,2024-01-01,2024-03-31,1
KH012838,2024-01-01,2024-03-31,1
KH012839,2024-01-01,2024-03-31,0
KH012840,2024-01-01,2024-03-31,0
KH012841,2024-01-01,2024-03-31,1
KH012842,2024-01-01,2024-03-31,0
KH012843,2024-01-01,2024-03-31,1
KH012844,2024-01-01,2024-03-31,1
KH012845,2024-01-01,2024-03-31,1
KH012846,2024-01-01,2024-03-31,0
KH012847,2024-01-01,2024-03-31,1
KH012848,2024-01-01,2024-03-31,0
KH012849,2024-01-01,2024-03-31,1
KH012850,2024-01-01,2024-03-31,1
KH012851,2024-01-01,2024-03-31,1
KH012852,2024-01-01,2024-03-31,0
KH012853,2024-01-01,2024-03-31,1
KH012854,2024-01-01,2024-03-31,0
KH012855,2024-01-01,2024-03-31,1
KH012856,2024-01-01,2024-03-31,1
KH012857,2024-01-01,2024-03-31,0
KH012858,2024-01-01,2024-03-31,1
KH012859,2024-01-01,2024-03-31,1
KH012860,2024-01-01,2024-03-31,0
KH012861,2024-01-01,2024-03-31,1
KH012862,2024-01-01,2024-03-31,0
KH012863,2024-01-01,2024-03-31,1
KH012864,2024-01-01,2024-03-31,1
KH012865,2024-01-01,2024-03-31,1
KH012866,2024-01-01,2024-03-31,1
KH012867,2024-01-01,2024-03-31,1
KH012868,2024-01-01,2024-03-31,1
KH012869,2024-01-01,2024-03-31,0
KH012870,2024-01-01,2024-03-31,0
KH012871,2024-01-01,2024-03-31,1
KH012872,2024-01-01,2024-03-31,1
KH012873,2024-01-01,2024-03-31,1
KH012874,2024-01-01,2024-03-31,0
KH012875,2024-01-01,2024-03-31,1
KH012876,2024-01-01,2024-03-31,1
KH012877,2024-01-01,2024-03-31,0
KH012878,2024-01-01,2024-03-31,0
KH012879,2024-01-01,2024-03-31,1
KH012880,2024-01-01,2024-03-31,1
KH012881,2024-01-01,2024-03-31,1
KH012882,2024-01-01,2024-03-31,1
KH012883,2024-01-01,2024-03-31,1
KH012884,2024-01-01,2024-03-31,0
KH012885,2024-01-01,2024-03-31,1
KH012886,2024-01-01,2024-03-31,0
KH012887,2024-01-01,2024-03-31,1
KH012888,2024-01-01,2024-03-31,0
KH012889,2024-01-01,2024-03-31,0
KH012890,2024-01-01,2024-03-31,1
KH012891,2024-01-01,2024-03-31,1
KH012892,2024-01-01,2024-03-31,0
KH012893,2024-01-01,2024-03-31,1
KH012894,2024-01-01,2024-03-31,1
KH012895,2024-01-01,2024-03-31,1
KH012896,2024-01-01,2024-03-31,1
KH012897,2024-01-01,2024-03-31,0
KH012898,2024-01-01,2024-03-31,0
KH012899,2024-01-01,2024-03-31,1
KH012900,2024-01-01,2024-03-31,1
KH012901,2024-01-01,2024-03-31,0
KH012902,2024-01-01,2024-03-31,0
KH012903,2024-01-01,2024-03-31,0
KH012904,2024-01-01,2024-03-31,1
KH012905,2024-01-01,2024-03-31,0
KH012906,2024-01-01,2024-03-31,1
KH012907,2024-01-01,2024-03-31,1
KH012908,2024-01-01,2024-03-31,1
KH012909,2024-01-01,2024-03-31,1
KH012910,2024-01-01,2024-03-31,0
KH012911,2024-01-01,2024-03-31,1
KH012912,2024-01-01,2024-03-31,1
KH012913,2024-01-01,2024-03-31,1
KH012914,2024-01-01,2024-03-31,0
KH012915,2024-01-01,2024-03-31,1
KH012916,2024-01-01,2024-03-31,0
KH012917,2024-01-01,2024-03-31,0
KH012918,2024-01-01,2024-03-31,1
KH012919,2024-01-01,2024-03-31,0
KH012920,2024-01-01,2024-03-31,1
KH012921,2024-01-01,2024-03-31,1
KH012922,2024-01-01,2024-03-31,1
KH012923,2024-01-01,2024-03-31,1
KH012924,2024-01-01,2024-03-31,1
KH012925,2024-01-01,2024-03-31,1
KH012926,2024-01-01,2024-03-31,1
KH012927,2024-01-01,2024-03-31,1
KH012928,2024-01-01,2024-03-31,1
KH012929,2024-01-01,2024-03-31,0
KH012930,2024-01-01,2024-03-31,1
KH012931,2024-01-01,2024-03-31,0
KH012932,2024-01-01,2024-03-31,1
KH012933,2024-01-01,2024-03-31,0
KH012934,2024-01-01,2024-03-31,1
KH012935,2024-01-01,2024-03-31,1
KH012936,2024-01-01,2024-03-31,1
KH012937,2024-01-01,2024-03-31,1
KH012938,2024-01-01,2024-03-31,0
KH012939,2024-01-01,2024-03-31,0
KH012940,2024-01-01,2024-03-31,1
KH012941,2024-01-01,2024-03-31,0
KH012942,2024-01-01,2024-03-31,1
KH012943,2024-01-01,2024-03-31,0
KH012944,2024-01-01,2024-03-31,1
KH012945,2024-01-01,2024-03-31,1
KH012946,2024-01-01,2024-03-31,0
KH012947,2024-01-01,2024-03-31,0
KH012948,2024-01-01,2024-03-31,1
KH012949,2024-01-01,2024-03-31,1
KH012950,2024-01-01,2024-03-31,1
KH012951,2024-01-01,2024-03-31,1
KH012952,2024-01-01,2024-03-31,1
KH012953,2024-01-01,2024-03-31,1
KH012954,2024-01-01,2024-03-31,1
KH012955,2024-01-01,2024-03-31,0
KH012956,2024-01-01,2024-03-31,1
KH012957,2024-01-01,2024-03-31,1
KH012958,2024-01-01,2024-03-31,0
KH012959,2024-01-01,2024-03-31,0
KH012960,2024-01-01,2024-03-31,1
KH012961,2024-01-01,2024-03-31,0
KH012962,2024-01-01,2024-03-31,1
KH012963,2024-01-01,2024-03-31,0
KH012964,2024-01-01,2024-03-31,1
KH012965,2024-01-01,2024-03-31,0
KH012966,2024-01-01,2024-03-31,1
KH012967,2024-01-01,2024-03-31,0
KH012968,2024-01-01,2024-03-31,1
KH012969,2024-01-01,2024-03-31,1
KH012970,2024-01-01,2024-03-31,0
KH012971,2024-01-01,2024-03-31,1
KH012972,2024-01-01,2024-03-31,1
KH012973,2024-01-01,2024-03-31,1
KH012974,2024-01-01,2024-03-31,0
KH012975,2024-01-01,2024-03-31,0
KH012976,2024-01-01,2024-03-31,1
KH012977,2024-01-01,2024-03-31,1
KH012978,2024-01-01,2024-03-31,1
KH012979,2024-01-01,2024-03-31,1
KH012980,2024-01-01,2024-03-31,1
KH012981,2024-01-01,2024-03-31,1
KH012982,2024-01-01,2024-03-31,1
KH012983,2024-01-01,2024-03-31,1
KH012984,2024-01-01,2024-03-31,1
KH012985,2024-01-01,2024-03-31,1
KH012986,2024-01-01,2024-03-31,1
KH012987,2024-01-01,2024-03-31,1
KH012988,2024-01-01,2024-03-31,0
KH012989,2024-01-01,2024-03-31,1
KH012990,2024-01-01,2024-03-31,0
KH012991,2024-01-01,2024-03-31,1
KH012992,2024-01-01,2024-03-31,1
KH012993,2024-01-01,2024-03-31,1
KH012994,2024-01-01,2024-03-31,0
KH012995,2024-01-01,2024-03-31,1
KH012996,2024-01-01,2024-03-31,1
KH012997,2024-01-01,2024-03-31,0
KH012998,2024-01-01,2024-03-31,1
KH012999,2024-01-01,2024-03-31,1
